objectid,filename,youtubeid,vimeoid,title,creator,date,description,subject,location,latitude,longitude,source,identifier,type,format,language,rights,rightsstatement
gib001000001001,https://adrian-gibson.github.io/001/GIB001000001001.jpg,,,"Solihull: [St John the Baptist Church], Berkswell ""Crypt capital""",,,,Stone;Religious,Solihull,52.410081,-1.642974064,"Welsh School of Architecture, Cardiff University",GIB001000001001,Image;StillImage,image/jpeg,eng,Public domain,https://creativecommons.org/licenses/by-sa/4.0/
gib001000001002,https://adrian-gibson.github.io/001/GIB001000001002.jpg,,,"Solihull: [St John the Baptist Church], Berkswell",,,,Stone;Religious,Solihull,52.410081,-1.642974064,"Welsh School of Architecture, Cardiff University",GIB001000001002,Image;StillImage,image/jpeg,eng,Public domain,https://creativecommons.org/licenses/by-sa/4.0/
gib001000001003,https://adrian-gibson.github.io/001/GIB001000001003.jpg,,,"Solihull: [St John the Baptist Church], Berkswell ""Crypt capital""",,,,Stone;Plaster;Religious,Solihull,52.410081,-1.642974064,"Welsh School of Architecture, Cardiff University",GIB001000001003,Image;StillImage,image/jpeg,eng,Public domain,https://creativecommons.org/licenses/by-sa/4.0/
gib001000001004,https://adrian-gibson.github.io/001/GIB001000001004.jpg,,,"Solihull: [St John the Baptist Church], Berkswell ""Chancel arch capital""",,,,Stone;Religious,Solihull,52.410081,-1.642974064,"Welsh School of Architecture, Cardiff University",GIB001000001004,Image;StillImage,image/jpeg,eng,Public domain,https://creativecommons.org/licenses/by-sa/4.0/
gib001000001005,https://adrian-gibson.github.io/001/GIB001000001005.jpg,,,"Solihull: [St John the Baptist Church], Berkswell ""Chancel exterior""",,,,Stone;Religious,Solihull,52.410081,-1.642974064,"Welsh School of Architecture, Cardiff University",GIB001000001005,Image;StillImage,image/jpeg,eng,Public domain,https://creativecommons.org/licenses/by-sa/4.0/
gib001000001006,https://adrian-gibson.github.io/001/GIB001000001006.jpg,,,"Solihull: [St John the Baptist Church], Berkswell",,,,Stone;Religious,Solihull,52.410081,-1.642974064,"Welsh School of Architecture, Cardiff University",GIB001000001006,Image;StillImage,image/jpeg,eng,Public domain,https://creativecommons.org/licenses/by-sa/4.0/
gib001000001007,https://adrian-gibson.github.io/001/GIB001000001007.jpg,,,"Solihull: [St John the Baptist Church], Berkswell ""Chancel exterior""",,,,Stone;Religious,Solihull,52.410081,-1.642974064,"Welsh School of Architecture, Cardiff University",GIB001000001007,Image;StillImage,image/jpeg,eng,Public domain,https://creativecommons.org/licenses/by-sa/4.0/
gib001000001008,https://adrian-gibson.github.io/001/GIB001000001008.jpg,,,"Solihull: [St John the Baptist Church], Berkswell ""Chancel arch capital""",,,,Stone;Religious,Solihull,52.410081,-1.642974064,"Welsh School of Architecture, Cardiff University",GIB001000001008,Image;StillImage,image/jpeg,eng,Public domain,https://creativecommons.org/licenses/by-sa/4.0/
gib001000002001,https://adrian-gibson.github.io/001/GIB001000002001.jpg,,,"Cambridgeshire: [St James Church, Hemingford]",,,,Stone;Plaster;Religious,Cambridgeshire,52.320714,-0.10528678,"Welsh School of Architecture, Cardiff University",GIB001000002001,Image;StillImage,image/jpeg,eng,Public domain,https://creativecommons.org/licenses/by-sa/4.0/
gib001000002002,https://adrian-gibson.github.io/001/GIB001000002002.jpg,,,"Cambridgeshire: [St James Church, Hemingford]",,,,Stone;Plaster;Religious,Cambridgeshire,52.320714,-0.10528678,"Welsh School of Architecture, Cardiff University",GIB001000002002,Image;StillImage,image/jpeg,eng,Public domain,https://creativecommons.org/licenses/by-sa/4.0/
gib001000002003,https://adrian-gibson.github.io/001/GIB001000002003.jpg,,,"Cambridgeshire: [Brook House, St Neots]",,,,Brick;Domestic,Cambridgeshire,52.2265,-0.267385,"Welsh School of Architecture, Cardiff University",GIB001000002003,Image;StillImage,image/jpeg,eng,Public domain,https://creativecommons.org/licenses/by-sa/4.0/
gib001000002004,https://adrian-gibson.github.io/001/GIB001000002004.jpg,,,"Bedford: [Parish Church of Saint Peter, Thurleigh]",,,,Brick;Stone;Religious,Bedford,52.2144,-0.4626,"Welsh School of Architecture, Cardiff University",GIB001000002004,Image;StillImage,image/jpeg,eng,Public domain,https://creativecommons.org/licenses/by-sa/4.0/
gib001000002005,https://adrian-gibson.github.io/001/GIB001000002005.jpg,,,"Bedford: [Parish Church of Saint Peter, Thurleigh]",,,,Stone;Religious,Bedford,52.2144,-0.4626,"Welsh School of Architecture, Cardiff University",GIB001000002005,Image;StillImage,image/jpeg,eng,Public domain,https://creativecommons.org/licenses/by-sa/4.0/
gib001000002006,https://adrian-gibson.github.io/001/GIB001000002006.jpg,,,"Bedford: [Parish Church of Saint Peter, Thurleigh]",,,,Brick;Stone;Plaster;Religious,Bedford,52.2144,-0.4626,"Welsh School of Architecture, Cardiff University",GIB001000002006,Image;StillImage,image/jpeg,eng,Public domain,https://creativecommons.org/licenses/by-sa/4.0/
gib001000002007,https://adrian-gibson.github.io/001/GIB001000002007.jpg,,,"Bedford: [Parish Church of Saint Mary, Stevington]",,,,Stone;Religious,Bedford,52.1722,-0.5532,"Welsh School of Architecture, Cardiff University",GIB001000002007,Image;StillImage,image/jpeg,eng,Public domain,https://creativecommons.org/licenses/by-sa/4.0/
gib001000002008,https://adrian-gibson.github.io/001/GIB001000002008.jpg,,,"Bedford: [Parish Church of Saint Mary, Stevington]",,,,Stone;Plaster;Religious,Bedford,52.1722,-0.5532,"Welsh School of Architecture, Cardiff University",GIB001000002008,Image;StillImage,image/jpeg,eng,Public domain,https://creativecommons.org/licenses/by-sa/4.0/
gib001000002009,https://adrian-gibson.github.io/001/GIB001000002009.jpg,,,"Bedford: [Parish Church of Saint Mary, Stevington]",,,,Stone;Plaster;Religious,Bedford,52.1722,-0.5532,"Welsh School of Architecture, Cardiff University",GIB001000002009,Image;StillImage,image/jpeg,eng,Public domain,https://creativecommons.org/licenses/by-sa/4.0/
gib001000003001,https://adrian-gibson.github.io/001/GIB001000003001.jpg,,,"Worcestershire: [St Peter's Church], Pirton ""South door""",,,,Stone;Timber frame;Religious,Worcestershire,52.119671,-2.1688235,"Welsh School of Architecture, Cardiff University",GIB001000003001,Image;StillImage,image/jpeg,eng,Public domain,https://creativecommons.org/licenses/by-sa/4.0/
gib001000003002,https://adrian-gibson.github.io/001/GIB001000003002.jpg,,,"Worcestershire: [St Peter's Church], Pirton",,,,Stone;Timber frame;Religious,Worcestershire,52.119671,-2.1688235,"Welsh School of Architecture, Cardiff University",GIB001000003002,Image;StillImage,image/jpeg,eng,Public domain,https://creativecommons.org/licenses/by-sa/4.0/
gib001000006001,https://adrian-gibson.github.io/001/GIB001000006001.jpg,,,"Essex: ""Wingfield Chapel decorated and perpendicular windows""",,,,Flint;Stone;Religious,Essex,51.952443,0.34458019,"Welsh School of Architecture, Cardiff University",GIB001000006001,Image;StillImage,image/jpeg,eng,Public domain,https://creativecommons.org/licenses/by-sa/4.0/
gib001000006002,https://adrian-gibson.github.io/001/GIB001000006002.jpg,,,"Essex: Thaxted Chapel ""From air""",,,,Stone;Religious,Essex,51.952443,0.34458019,"Welsh School of Architecture, Cardiff University",GIB001000006002,Image;StillImage,image/jpeg,eng,Public domain,https://creativecommons.org/licenses/by-sa/4.0/
gib001000006003,https://adrian-gibson.github.io/001/GIB001000006003.jpg,,,"Essex: Thaxted Chapel ""Spire""",,,,Stone;Religious,Essex,51.952443,0.34458019,"Welsh School of Architecture, Cardiff University",GIB001000006003,Image;StillImage,image/jpeg,eng,Public domain,https://creativecommons.org/licenses/by-sa/4.0/
gib001000007001,https://adrian-gibson.github.io/001/GIB001000007001.jpg,,,"East Sussex: [St John's Church], Piddinghoe ""Round tower""",,,,Flint;Stone;Religious,East Sussex,50.809558,0.035519578,"Welsh School of Architecture, Cardiff University",GIB001000007001,Image;StillImage,image/jpeg,eng,Public domain,https://creativecommons.org/licenses/by-sa/4.0/
gib001000007002,https://adrian-gibson.github.io/001/GIB001000007002.jpg,,,"East Sussex: [St John's Church], Piddinghoe ""Norman round church""",,,,Flint;Stone;Religious,East Sussex,50.809558,0.035519578,"Welsh School of Architecture, Cardiff University",GIB001000007002,Image;StillImage,image/jpeg,eng,Public domain,https://creativecommons.org/licenses/by-sa/4.0/
gib001000008003,https://adrian-gibson.github.io/001/GIB001000008003.jpg,,,"Cumberland: Carlisle Cathedral ""Ceiling painting""",,,"Slide title continues: ""Abbey - Deanery - Peletuk 1510-20 Prior Stenhouse, Simon Stenhus sette thys roofe and scallope here""",Stone;Wood;Religious,Cumberland,54.894743,-2.938494,"Welsh School of Architecture, Cardiff University",GIB001000008003,Image;StillImage,image/jpeg,eng,Public domain,https://creativecommons.org/licenses/by-sa/4.0/
gib001000009001,https://adrian-gibson.github.io/001/GIB001000009001.jpg,,,"Cambridgeshire: Leverington Church ""Font""",,,,Stone;Religious,Cambridgeshire,52.681033,0.13603736,"Welsh School of Architecture, Cardiff University",GIB001000009001,Image;StillImage,image/jpeg,eng,Public domain,https://creativecommons.org/licenses/by-sa/4.0/
gib001000009002,https://adrian-gibson.github.io/001/GIB001000009002.jpg,,,Cambridgeshire: Leverington Church,,,,Stone;Religious,Cambridgeshire,52.681033,0.13603736,"Welsh School of Architecture, Cardiff University",GIB001000009002,Image;StillImage,image/jpeg,eng,Public domain,https://creativecommons.org/licenses/by-sa/4.0/
gib001000009003,https://adrian-gibson.github.io/001/GIB001000009003.jpg,,,Cambridgeshire: Leverington Church,,,,Stone;Religious,Cambridgeshire,52.681033,0.13603736,"Welsh School of Architecture, Cardiff University",GIB001000009003,Image;StillImage,image/jpeg,eng,Public domain,https://creativecommons.org/licenses/by-sa/4.0/
gib001000010001,https://adrian-gibson.github.io/001/GIB001000010001.jpg,,,"Edinburgh: Holyrood Abbey ""Early English frontage""",,,,Stone;Religious,Edinburgh,55.953154,-3.1714413,"Welsh School of Architecture, Cardiff University",GIB001000010001,Image;StillImage,image/jpeg,eng,Public domain,https://creativecommons.org/licenses/by-sa/4.0/
gib001000010002,https://adrian-gibson.github.io/001/GIB001000010002.jpg,,,"Edinburgh: Holyrood Abbey ""Ribbed vault""",,,,Stone;Religious,Edinburgh,55.953154,-3.1714413,"Welsh School of Architecture, Cardiff University",GIB001000010002,Image;StillImage,image/jpeg,eng,Public domain,https://creativecommons.org/licenses/by-sa/4.0/
gib001000010003,https://adrian-gibson.github.io/001/GIB001000010003.jpg,,,"Highland: Fortrose Cathedral ""14 mouldings""",,,,Stone;Religious,Highland,57.581213,-4.1306475,"Welsh School of Architecture, Cardiff University",GIB001000010003,Image;StillImage,image/jpeg,eng,Public domain,https://creativecommons.org/licenses/by-sa/4.0/
gib001000010004,https://adrian-gibson.github.io/001/GIB001000010004.jpg,,,"Edinburgh: Holyrood Abbey ""Side aisle C13""",,,,Stone;Religious,Edinburgh,55.953154,-3.1714413,"Welsh School of Architecture, Cardiff University",GIB001000010004,Image;StillImage,image/jpeg,eng,Public domain,https://creativecommons.org/licenses/by-sa/4.0/
gib001000010005,https://adrian-gibson.github.io/001/GIB001000010005.jpg,,,"Edinburgh: Holyrood Abbey ""Transitional blind arcade""",,,,Stone;Religious,Edinburgh,55.953154,-3.1714413,"Welsh School of Architecture, Cardiff University",GIB001000010005,Image;StillImage,image/jpeg,eng,Public domain,https://creativecommons.org/licenses/by-sa/4.0/
gib001000010006,https://adrian-gibson.github.io/001/GIB001000010006.jpg,,,"Edinburgh: Holyrood Abbey ""West door Early English late C13""",,,,Stone;Religious,Edinburgh,55.953154,-3.1714413,"Welsh School of Architecture, Cardiff University",GIB001000010006,Image;StillImage,image/jpeg,eng,Public domain,https://creativecommons.org/licenses/by-sa/4.0/
gib001000011001,https://adrian-gibson.github.io/001/GIB001000011001.jpg,,,"Essex: [St Mary's Church], Stebbing ""Pisc and sed [piscina and sedilia]""",,,,Stone;Religious,Essex,51.892257,0.41299734,"Welsh School of Architecture, Cardiff University",GIB001000011001,Image;StillImage,image/jpeg,eng,Public domain,https://creativecommons.org/licenses/by-sa/4.0/
gib001000011002,https://adrian-gibson.github.io/001/GIB001000011002.jpg,,,"Essex: [St Mary's Church], Stebbing ""Screen""",,,,Stone;Religious,Essex,51.892257,0.41299734,"Welsh School of Architecture, Cardiff University",GIB001000011002,Image;StillImage,image/jpeg,eng,Public domain,https://creativecommons.org/licenses/by-sa/4.0/
gib001000012001,https://adrian-gibson.github.io/001/GIB001000012001.jpg,,,"Bedford: [St Mary's], Luton ""Decorated font screen, canopy octagon""",,,,Stone;Religious,Bedford,51.878702,-0.41037507,"Welsh School of Architecture, Cardiff University",GIB001000012001,Image;StillImage,image/jpeg,eng,Public domain,https://creativecommons.org/licenses/by-sa/4.0/
gib001000012002,https://adrian-gibson.github.io/001/GIB001000012002.jpg,,,"Bedford: [St Mary's], Luton ""Early English capitals""",,,,Stone;Religious,Bedford,51.878702,-0.41037507,"Welsh School of Architecture, Cardiff University",GIB001000012002,Image;StillImage,image/jpeg,eng,Public domain,https://creativecommons.org/licenses/by-sa/4.0/
gib001000012003,https://adrian-gibson.github.io/001/GIB001000012003.jpg,,,"Bedford: [St Mary's], Luton ""South door""",,,,Stone;Religious,Bedford,51.878702,-0.41037507,"Welsh School of Architecture, Cardiff University",GIB001000012003,Image;StillImage,image/jpeg,eng,Public domain,https://creativecommons.org/licenses/by-sa/4.0/
gib001000013001,https://adrian-gibson.github.io/001/GIB001000013001.jpg,,,"Oxfordshire: [St Peter ad Vincula], South Newington ""c1330 - Martyrdom of Becket - Tom of Lancaster""",,,,Stone;Plaster;Religious,Oxfordshire,51.996817,-1.4076338,"Welsh School of Architecture, Cardiff University",GIB001000013001,Image;StillImage,image/jpeg,eng,Public domain,https://creativecommons.org/licenses/by-sa/4.0/
gib001000013002,https://adrian-gibson.github.io/001/GIB001000013002.jpg,,,"Oxfordshire: [St Peter ad Vincula], South Newington ""Passion of Christ""",,,,Stone;Plaster;Religious,Oxfordshire,51.996817,-1.4076338,"Welsh School of Architecture, Cardiff University",GIB001000013002,Image;StillImage,image/jpeg,eng,Public domain,https://creativecommons.org/licenses/by-sa/4.0/
gib001000013003,https://adrian-gibson.github.io/001/GIB001000013003.jpg,,,"Oxfordshire: [St Peter ad Vincula], South Newington",,,,Stone;Plaster;Religious,Oxfordshire,51.996817,-1.4076338,"Welsh School of Architecture, Cardiff University",GIB001000013003,Image;StillImage,image/jpeg,eng,Public domain,https://creativecommons.org/licenses/by-sa/4.0/
gib001000013004,https://adrian-gibson.github.io/001/GIB001000013004.jpg,,,"Oxfordshire: [St Peter ad Vincula], South Newington ""Passion of Christ""",,,,Stone;Plaster;Religious,Oxfordshire,51.996817,-1.4076338,"Welsh School of Architecture, Cardiff University",GIB001000013004,Image;StillImage,image/jpeg,eng,Public domain,https://creativecommons.org/licenses/by-sa/4.0/
gib001000013005,https://adrian-gibson.github.io/001/GIB001000013005.jpg,,,"Oxfordshire: [St Peter ad Vincula], South Newington ""Passion of Christ""",,,,Stone;Plaster;Religious,Oxfordshire,51.996817,-1.4076338,"Welsh School of Architecture, Cardiff University",GIB001000013005,Image;StillImage,image/jpeg,eng,Public domain,https://creativecommons.org/licenses/by-sa/4.0/
gib001000013006,https://adrian-gibson.github.io/001/GIB001000013006.jpg,,,"Oxfordshire: [St Peter ad Vincula], South Newington ""Virgin""",,,,Stone;Plaster;Religious,Oxfordshire,51.996817,-1.4076338,"Welsh School of Architecture, Cardiff University",GIB001000013006,Image;StillImage,image/jpeg,eng,Public domain,https://creativecommons.org/licenses/by-sa/4.0/
gib001000013007,https://adrian-gibson.github.io/001/GIB001000013007.jpg,,,"Oxfordshire: [St Peter ad Vincula], South Newington ""C1330 St Margaret and dragon""",,,,Stone;Plaster;Religious,Oxfordshire,51.996817,-1.4076338,"Welsh School of Architecture, Cardiff University",GIB001000013007,Image;StillImage,image/jpeg,eng,Public domain,https://creativecommons.org/licenses/by-sa/4.0/
gib001000013008,https://adrian-gibson.github.io/001/GIB001000013008.jpg,,,"Oxfordshire: [St Peter ad Vincula], South Newington ""Martyrdom of Becket""",,,,Stone;Plaster;Religious,Oxfordshire,51.996817,-1.4076338,"Welsh School of Architecture, Cardiff University",GIB001000013008,Image;StillImage,image/jpeg,eng,Public domain,https://creativecommons.org/licenses/by-sa/4.0/
gib001000013009,https://adrian-gibson.github.io/001/GIB001000013009.jpg,,,"Oxfordshire: [St Peter ad Vincula], South Newington ""Virgin and child 1330""",,,,Stone;Plaster;Religious,Oxfordshire,51.996817,-1.4076338,"Welsh School of Architecture, Cardiff University",GIB001000013009,Image;StillImage,image/jpeg,eng,Public domain,https://creativecommons.org/licenses/by-sa/4.0/
gib001000013010,https://adrian-gibson.github.io/001/GIB001000013010.jpg,,,"Oxfordshire: [St Peter ad Vincula], South Newington ""Thomas A Becket wall painting""",,,,Stone;Plaster;Religious,Oxfordshire,51.996817,-1.4076338,"Welsh School of Architecture, Cardiff University",GIB001000013010,Image;StillImage,image/jpeg,eng,Public domain,https://creativecommons.org/licenses/by-sa/4.0/
gib001000014001,https://adrian-gibson.github.io/001/GIB001000014001.jpg,,,"Gloucestershire: Cirencester Church ""First half of 15th century""",,,,Stone;Plaster;Religious,Gloucestershire,51.717587,-1.9678899,"Welsh School of Architecture, Cardiff University",GIB001000014001,Image;StillImage,image/jpeg,eng,Public domain,https://creativecommons.org/licenses/by-sa/4.0/
gib001000014002,https://adrian-gibson.github.io/001/GIB001000014002.jpg,,,"Gloucestershire: Cirencester Church ""17th century doorway""",,,,Stone;Plaster;Religious,Gloucestershire,51.717587,-1.9678899,"Welsh School of Architecture, Cardiff University",GIB001000014002,Image;StillImage,image/jpeg,eng,Public domain,https://creativecommons.org/licenses/by-sa/4.0/
gib001000014003,https://adrian-gibson.github.io/001/GIB001000014003.jpg,,,"Gloucestershire: Cirencester Church ""Tower""",,,,Stone;Plaster;Religious,Gloucestershire,51.717587,-1.9678899,"Welsh School of Architecture, Cardiff University",GIB001000014003,Image;StillImage,image/jpeg,eng,Public domain,https://creativecommons.org/licenses/by-sa/4.0/
gib001000014004,https://adrian-gibson.github.io/001/GIB001000014004.jpg,,,"Gloucestershire: Cirencester Church ""St Christopher""",,,,Stone;Plaster;Religious,Gloucestershire,51.717587,-1.9678899,"Welsh School of Architecture, Cardiff University",GIB001000014004,Image;StillImage,image/jpeg,eng,Public domain,https://creativecommons.org/licenses/by-sa/4.0/
gib001000014005,https://adrian-gibson.github.io/001/GIB001000014005.jpg,,,"Gloucestershire: Cirencester Church ""Fan vault, chantry chapel St Catherine and St Nicolas 1460""",,,,Stone;Plaster;Religious,Gloucestershire,51.717587,-1.9678899,"Welsh School of Architecture, Cardiff University",GIB001000014005,Image;StillImage,image/jpeg,eng,Public domain,https://creativecommons.org/licenses/by-sa/4.0/
gib001000014006,https://adrian-gibson.github.io/001/GIB001000014006.jpg,,,"Gloucestershire: Cirencester Church ""Tower""",,,,Stone;Plaster;Religious,Gloucestershire,51.717587,-1.9678899,"Welsh School of Architecture, Cardiff University",GIB001000014006,Image;StillImage,image/jpeg,eng,Public domain,https://creativecommons.org/licenses/by-sa/4.0/
gib001000014007,https://adrian-gibson.github.io/001/GIB001000014007.jpg,,,"Gloucestershire: Cirencester Church ""St Johns Hospital, founded Henry II""",,,,Stone;Plaster;Religious,Gloucestershire,51.717587,-1.9678899,"Welsh School of Architecture, Cardiff University",GIB001000014007,Image;StillImage,image/jpeg,eng,Public domain,https://creativecommons.org/licenses/by-sa/4.0/
gib001000015001,https://adrian-gibson.github.io/001/GIB001000015001.jpg,,,"East Riding: [Church of St Mary], Lastingham ""Later A/S [Anglo Saxon] sculpture""",,,,Stone;Religious,East Riding,54.304657,-0.882465157,"Welsh School of Architecture, Cardiff University",GIB001000015001,Image;StillImage,image/jpeg,eng,Public domain,https://creativecommons.org/licenses/by-sa/4.0/
gib001000015002,https://adrian-gibson.github.io/001/GIB001000015002.jpg,,,"East Riding: [Church of St Mary], Lastingham ""A/S [Anglo Saxon] fragments""",,,,Stone;Religious,East Riding,54.304657,-0.882465157,"Welsh School of Architecture, Cardiff University",GIB001000015002,Image;StillImage,image/jpeg,eng,Public domain,https://creativecommons.org/licenses/by-sa/4.0/
gib001000015003,https://adrian-gibson.github.io/001/GIB001000015003.jpg,,,"East Riding: [Church of St Mary], Lastingham ""Crypt 1078-85""",,,,Stone;Religious,East Riding,54.304657,-0.882465157,"Welsh School of Architecture, Cardiff University",GIB001000015003,Image;StillImage,image/jpeg,eng,Public domain,https://creativecommons.org/licenses/by-sa/4.0/
gib001000015004,https://adrian-gibson.github.io/001/GIB001000015004.jpg,,,"East Riding: [Church of St Mary], Lastingham ""Head of massive - more than 24' high""",,,,Stone;Religious,East Riding,54.304657,-0.882465157,"Welsh School of Architecture, Cardiff University",GIB001000015004,Image;StillImage,image/jpeg,eng,Public domain,https://creativecommons.org/licenses/by-sa/4.0/
gib001000015005,https://adrian-gibson.github.io/001/GIB001000015005.jpg,,,"East Riding: [Church of St Mary], Lastingham ""Crypt""",,,,Stone;Religious,East Riding,54.304657,-0.882465157,"Welsh School of Architecture, Cardiff University",GIB001000015005,Image;StillImage,image/jpeg,eng,Public domain,https://creativecommons.org/licenses/by-sa/4.0/
gib001000016002,https://adrian-gibson.github.io/001/GIB001000016002.jpg,,,"Hampshire: Winchester Cathedral ""South side flying buttresses""",,,,Stone;Religious,Hampshire,51.060849,-1.3131007,"Welsh School of Architecture, Cardiff University",GIB001000016002,Image;StillImage,image/jpeg,eng,Public domain,https://creativecommons.org/licenses/by-sa/4.0/
gib001000016003,https://adrian-gibson.github.io/001/GIB001000016003.jpg,,,"Hampshire: Winchester Cathedral ""1235 Winchester Castle""",,,,Stone;Religious,Hampshire,51.060849,-1.3131007,"Welsh School of Architecture, Cardiff University",GIB001000016003,Image;StillImage,image/jpeg,eng,Public domain,https://creativecommons.org/licenses/by-sa/4.0/
gib001000017001,https://adrian-gibson.github.io/001/GIB001000017001.jpg,,,"Oxfordshire: [Parish Church of Saint Matthew], Langford ""Clock""",,,,Stone;Religious,Oxfordshire,51.72101,-1.640703882,"Welsh School of Architecture, Cardiff University",GIB001000017001,Image;StillImage,image/jpeg,eng,Public domain,https://creativecommons.org/licenses/by-sa/4.0/
gib001000017002,https://adrian-gibson.github.io/001/GIB001000017002.jpg,,,"Oxfordshire: [Parish Church of Saint Matthew], Langford ""Christ Porch - E [East] Side""",,,,Stone;Religious,Oxfordshire,51.72101,-1.640703882,"Welsh School of Architecture, Cardiff University",GIB001000017002,Image;StillImage,image/jpeg,eng,Public domain,https://creativecommons.org/licenses/by-sa/4.0/
gib001000017003,https://adrian-gibson.github.io/001/GIB001000017003.jpg,,,"Oxfordshire: [Parish Church of Saint Matthew], Langford ""Crucifix over porch""",,,,Stone;Religious,Oxfordshire,51.72101,-1.640703882,"Welsh School of Architecture, Cardiff University",GIB001000017003,Image;StillImage,image/jpeg,eng,Public domain,https://creativecommons.org/licenses/by-sa/4.0/
gib001000017004,https://adrian-gibson.github.io/001/GIB001000017004.jpg,,,"Oxfordshire: [Parish Church of Saint Matthew], Langford ""From South East""",,,,Stone;Religious,Oxfordshire,51.72101,-1.640703882,"Welsh School of Architecture, Cardiff University",GIB001000017004,Image;StillImage,image/jpeg,eng,Public domain,https://creativecommons.org/licenses/by-sa/4.0/
gib001000017005,https://adrian-gibson.github.io/001/GIB001000017005.jpg,,,"Oxfordshire: [Parish Church of Saint Matthew], Langford ""South Porch""",,,,Stone;Religious,Oxfordshire,51.72101,-1.640703882,"Welsh School of Architecture, Cardiff University",GIB001000017005,Image;StillImage,image/jpeg,eng,Public domain,https://creativecommons.org/licenses/by-sa/4.0/
gib001000017006,https://adrian-gibson.github.io/001/GIB001000017006.jpg,,,"Oxfordshire: [Parish Church of Saint Matthew], Langford ""Clock""",,,,Stone;Religious,Oxfordshire,51.72101,-1.640703882,"Welsh School of Architecture, Cardiff University",GIB001000017006,Image;StillImage,image/jpeg,eng,Public domain,https://creativecommons.org/licenses/by-sa/4.0/
gib001000017007,https://adrian-gibson.github.io/001/GIB001000017007.jpg,,,"Oxfordshire: [Parish Church of Saint Matthew], Langford ""Flying buttresses""",,,,Stone;Religious,Oxfordshire,51.72101,-1.640703882,"Welsh School of Architecture, Cardiff University",GIB001000017007,Image;StillImage,image/jpeg,eng,Public domain,https://creativecommons.org/licenses/by-sa/4.0/
gib001000017008,https://adrian-gibson.github.io/001/GIB001000017008.jpg,,,"Oxfordshire: [Parish Church of Saint Matthew], Langford ""Porch""",,,,Stone;Religious,Oxfordshire,51.72101,-1.640703882,"Welsh School of Architecture, Cardiff University",GIB001000017008,Image;StillImage,image/jpeg,eng,Public domain,https://creativecommons.org/licenses/by-sa/4.0/
gib001000017009,https://adrian-gibson.github.io/001/GIB001000017009.jpg,,,"Oxfordshire: [Parish Church of Saint Matthew], Langford ""Chancel flying buttress""",,,,Stone;Religious,Oxfordshire,51.72101,-1.640703882,"Welsh School of Architecture, Cardiff University",GIB001000017009,Image;StillImage,image/jpeg,eng,Public domain,https://creativecommons.org/licenses/by-sa/4.0/
gib001000017010,https://adrian-gibson.github.io/001/GIB001000017010.jpg,,,"Oxfordshire: [Parish Church of Saint Matthew], Langford ""Tower south face""",,,,Stone;Religious,Oxfordshire,51.72101,-1.640703882,"Welsh School of Architecture, Cardiff University",GIB001000017010,Image;StillImage,image/jpeg,eng,Public domain,https://creativecommons.org/licenses/by-sa/4.0/
gib001000017011,https://adrian-gibson.github.io/001/GIB001000017011.jpg,,,"Oxfordshire: [Parish Church of Saint Matthew], Langford ""Tower Arch""",,,,Stone;Religious,Oxfordshire,51.72101,-1.640703882,"Welsh School of Architecture, Cardiff University",GIB001000017011,Image;StillImage,image/jpeg,eng,Public domain,https://creativecommons.org/licenses/by-sa/4.0/
gib001000018001,https://adrian-gibson.github.io/001/GIB001000018001.jpg,,,"West Sussex: [St John the Baptist's Church], Clayton ""Wall painting chancel arch""",,,,Stone;Plaster;Religious,West Sussex,50.910642,-0.153461871,"Welsh School of Architecture, Cardiff University",GIB001000018001,Image;StillImage,image/jpeg,eng,Public domain,https://creativecommons.org/licenses/by-sa/4.0/
gib001000018002,https://adrian-gibson.github.io/001/GIB001000018002.jpg,,,"West Sussex: [St John the Baptist's Church], Clayton ""Wall painting C1140 resurrection""",,,,Stone;Plaster;Religious,West Sussex,50.910642,-0.153461871,"Welsh School of Architecture, Cardiff University",GIB001000018002,Image;StillImage,image/jpeg,eng,Public domain,https://creativecommons.org/licenses/by-sa/4.0/
gib001000019001,https://adrian-gibson.github.io/001/GIB001000019001.jpg,,,"Norfolk: [St Helen's Church], Ranworth ""Int [interior]- Screen""",,,,Stone;Wood;Religious,Norfolk,52.679403,1.4844078,"Welsh School of Architecture, Cardiff University",GIB001000019001,Image;StillImage,image/jpeg,eng,Public domain,https://creativecommons.org/licenses/by-sa/4.0/
gib001000019002,https://adrian-gibson.github.io/001/GIB001000019002.jpg,,,"Norfolk: [St Helen's Church], Ranworth ""St Michael""",,,,Stone;Wood;Religious,Norfolk,52.679403,1.4844078,"Welsh School of Architecture, Cardiff University",GIB001000019002,Image;StillImage,image/jpeg,eng,Public domain,https://creativecommons.org/licenses/by-sa/4.0/
gib001000019003,https://adrian-gibson.github.io/001/GIB001000019003.jpg,,,"Norfolk: [St Helen's Church], Ranworth ""St George""",,,,Stone;Wood;Religious,Norfolk,52.679403,1.4844078,"Welsh School of Architecture, Cardiff University",GIB001000019003,Image;StillImage,image/jpeg,eng,Public domain,https://creativecommons.org/licenses/by-sa/4.0/
gib001000019004,https://adrian-gibson.github.io/001/GIB001000019004.jpg,,,"Norfolk: [St Helen's Church], Ranworth ""St George""",,,,Stone;Wood;Religious,Norfolk,52.679403,1.4844078,"Welsh School of Architecture, Cardiff University",GIB001000019004,Image;StillImage,image/jpeg,eng,Public domain,https://creativecommons.org/licenses/by-sa/4.0/
gib001000019005,https://adrian-gibson.github.io/001/GIB001000019005.jpg,,,"Norfolk: [St Helen's Church], Ranworth ""Mary and Jesus Nativity""",,,,Stone;Wood;Religious,Norfolk,52.679403,1.4844078,"Welsh School of Architecture, Cardiff University",GIB001000019005,Image;StillImage,image/jpeg,eng,Public domain,https://creativecommons.org/licenses/by-sa/4.0/
gib001000019006,https://adrian-gibson.github.io/001/GIB001000019006.jpg,,,"Norfolk: [St Helen's Church], Ranworth ""Exterior""",,,,Stone;Wood;Religious,Norfolk,52.679403,1.4844078,"Welsh School of Architecture, Cardiff University",GIB001000019006,Image;StillImage,image/jpeg,eng,Public domain,https://creativecommons.org/licenses/by-sa/4.0/
gib001000019007,https://adrian-gibson.github.io/001/GIB001000019007.jpg,,,"Norfolk: [St Helen's Church], Ranworth ""St Michael""",,,,Stone;Wood;Religious,Norfolk,52.679403,1.4844078,"Welsh School of Architecture, Cardiff University",GIB001000019007,Image;StillImage,image/jpeg,eng,Public domain,https://creativecommons.org/licenses/by-sa/4.0/
gib001000019008,https://adrian-gibson.github.io/001/GIB001000019008.jpg,,,"Norfolk: [St Helen's Church], Ranworth ""St Michael book""",,,,Stone;Wood;Religious,Norfolk,52.679403,1.4844078,"Welsh School of Architecture, Cardiff University",GIB001000019008,Image;StillImage,image/jpeg,eng,Public domain,https://creativecommons.org/licenses/by-sa/4.0/
gib001000019009,https://adrian-gibson.github.io/001/GIB001000019009.jpg,,,"Norfolk: [St Helen's Church], Ranworth ""Saints north side screen""",,,,Stone;Wood;Religious,Norfolk,52.679403,1.4844078,"Welsh School of Architecture, Cardiff University",GIB001000019009,Image;StillImage,image/jpeg,eng,Public domain,https://creativecommons.org/licenses/by-sa/4.0/
gib001000019010,https://adrian-gibson.github.io/001/GIB001000019010.jpg,,,"Norfolk: [St Helen's Church], Ranworth ""St George [flash]""",,,,Stone;Wood;Religious,Norfolk,52.679403,1.4844078,"Welsh School of Architecture, Cardiff University",GIB001000019010,Image;StillImage,image/jpeg,eng,Public domain,https://creativecommons.org/licenses/by-sa/4.0/
gib001000019011,https://adrian-gibson.github.io/001/GIB001000019011.jpg,,,"Norfolk: [St Helen's Church], Ranworth ""Ranworth Saints S [south] side screen""",,,,Stone;Wood;Religious,Norfolk,52.679403,1.4844078,"Welsh School of Architecture, Cardiff University",GIB001000019011,Image;StillImage,image/jpeg,eng,Public domain,https://creativecommons.org/licenses/by-sa/4.0/
gib001000019012,https://adrian-gibson.github.io/001/GIB001000019012.jpg,,,"Norfolk: [St Helen's Church], Ranworth ""Ranworth St Barbara [flash]""",,,,Stone;Wood;Religious,Norfolk,52.679403,1.4844078,"Welsh School of Architecture, Cardiff University",GIB001000019012,Image;StillImage,image/jpeg,eng,Public domain,https://creativecommons.org/licenses/by-sa/4.0/
gib001000019013,https://adrian-gibson.github.io/001/GIB001000019013.jpg,,,"Norfolk: [St Helen's Church], Ranworth ""Lectern with music, Ranworth""",,,,Stone;Wood;Religious,Norfolk,52.679403,1.4844078,"Welsh School of Architecture, Cardiff University",GIB001000019013,Image;StillImage,image/jpeg,eng,Public domain,https://creativecommons.org/licenses/by-sa/4.0/
gib001000019014,https://adrian-gibson.github.io/001/GIB001000019014.jpg,,,"Norfolk: [St Helen's Church], Ranworth ""Ranworth St Barbara""",,,,Stone;Wood;Religious,Norfolk,52.679403,1.4844078,"Welsh School of Architecture, Cardiff University",GIB001000019014,Image;StillImage,image/jpeg,eng,Public domain,https://creativecommons.org/licenses/by-sa/4.0/
gib001000019015,https://adrian-gibson.github.io/001/GIB001000019015.jpg,,,"Norfolk: [St Helen's Church], Ranworth ""Ranworth Ch [church] int [interior] - screen""",,,,Stone;Wood;Religious,Norfolk,52.679403,1.4844078,"Welsh School of Architecture, Cardiff University",GIB001000019015,Image;StillImage,image/jpeg,eng,Public domain,https://creativecommons.org/licenses/by-sa/4.0/
gib001000020001,https://adrian-gibson.github.io/001/GIB001000020001.jpg,,,"Hertfordshire: [Church of St Mary], Meesden ""Misericord, 2 faces and phoenix""",,,,Wood;Religious,Hertfordshire,51.973073,0.093429987,"Welsh School of Architecture, Cardiff University",GIB001000020001,Image;StillImage,image/jpeg,eng,Public domain,https://creativecommons.org/licenses/by-sa/4.0/
gib001000020002,https://adrian-gibson.github.io/001/GIB001000020002.jpg,,,"Hertfordshire: [Church of St Mary], Meesden ""Monument Robert Younge 1626 inscription""",,,,Stone;Religious,Hertfordshire,51.973073,0.093429987,"Welsh School of Architecture, Cardiff University",GIB001000020002,Image;StillImage,image/jpeg,eng,Public domain,https://creativecommons.org/licenses/by-sa/4.0/
gib001000020003,https://adrian-gibson.github.io/001/GIB001000020003.jpg,,,"Hertfordshire: [Church of St Mary], Meesden ""North side pavement""",,,,Ceramic;Religious,Hertfordshire,51.973073,0.093429987,"Welsh School of Architecture, Cardiff University",GIB001000020003,Image;StillImage,image/jpeg,eng,Public domain,https://creativecommons.org/licenses/by-sa/4.0/
gib001000020004,https://adrian-gibson.github.io/001/GIB001000020004.jpg,,,"Hertfordshire: [Church of St Mary], Meesden ""Pavement""",,,,Ceramic;Religious,Hertfordshire,51.973073,0.093429987,"Welsh School of Architecture, Cardiff University",GIB001000020004,Image;StillImage,image/jpeg,eng,Public domain,https://creativecommons.org/licenses/by-sa/4.0/
gib001000020005,https://adrian-gibson.github.io/001/GIB001000020005.jpg,,,"Hertfordshire: [Church of St Mary], Meesden ""Monument Robert Younge 1626""",,,,Stone;Object;Religious,Hertfordshire,51.973073,0.093429987,"Welsh School of Architecture, Cardiff University",GIB001000020005,Image;StillImage,image/jpeg,eng,Public domain,https://creativecommons.org/licenses/by-sa/4.0/
gib001000020006,https://adrian-gibson.github.io/001/GIB001000020006.jpg,,,"Hertfordshire: [Church of St Mary], Meesden ""Pavement detail""",,,,Ceramic;Religious,Hertfordshire,51.973073,0.093429987,"Welsh School of Architecture, Cardiff University",GIB001000020006,Image;StillImage,image/jpeg,eng,Public domain,https://creativecommons.org/licenses/by-sa/4.0/
gib001000020007,https://adrian-gibson.github.io/001/GIB001000020007.jpg,,,"Hertfordshire: [Church of St Mary], Meesden ""Misericord""",,,,Wood;Religious,Hertfordshire,51.973073,0.093429987,"Welsh School of Architecture, Cardiff University",GIB001000020007,Image;StillImage,image/jpeg,eng,Public domain,https://creativecommons.org/licenses/by-sa/4.0/
gib001000020008,https://adrian-gibson.github.io/001/GIB001000020008.jpg,,,"Hertfordshire: [Church of St Mary], Meesden ""Chest""",,,,Wood;Object;Religious,Hertfordshire,51.973073,0.093429987,"Welsh School of Architecture, Cardiff University",GIB001000020008,Image;StillImage,image/jpeg,eng,Public domain,https://creativecommons.org/licenses/by-sa/4.0/
gib001000020009,https://adrian-gibson.github.io/001/GIB001000020009.jpg,,,"Hertfordshire: [Church of St Mary], Meesden ""Font four men split tails""",,,,Stone;Object;Religious,Hertfordshire,51.973073,0.093429987,"Welsh School of Architecture, Cardiff University",GIB001000020009,Image;StillImage,image/jpeg,eng,Public domain,https://creativecommons.org/licenses/by-sa/4.0/
gib001000020010,https://adrian-gibson.github.io/001/GIB001000020010.jpg,,,"Hertfordshire: [Church of St Mary], Meesden ""Detail pavement""",,,,Ceramic;Religious,Hertfordshire,51.973073,0.093429987,"Welsh School of Architecture, Cardiff University",GIB001000020010,Image;StillImage,image/jpeg,eng,Public domain,https://creativecommons.org/licenses/by-sa/4.0/
gib001000020011,https://adrian-gibson.github.io/001/GIB001000020011.jpg,,,"Hertfordshire: [Church of St Mary], Meesden ""Pavement""",,,,Ceramic;Religious,Hertfordshire,51.973073,0.093429987,"Welsh School of Architecture, Cardiff University",GIB001000020011,Image;StillImage,image/jpeg,eng,Public domain,https://creativecommons.org/licenses/by-sa/4.0/
gib001000020012,https://adrian-gibson.github.io/001/GIB001000020012.jpg,,,"Hertfordshire: [Church of St Mary], Meesden ""From south]""",,,,Brick;Stone;Flint;Religious,Hertfordshire,51.973073,0.093429987,"Welsh School of Architecture, Cardiff University",GIB001000020012,Image;StillImage,image/jpeg,eng,Public domain,https://creativecommons.org/licenses/by-sa/4.0/
gib001000020013,https://adrian-gibson.github.io/001/GIB001000020013.jpg,,,"Hertfordshire: [Church of St Mary], Meesden ""Misericord""",,,,Wood;Religious,Hertfordshire,51.973073,0.093429987,"Welsh School of Architecture, Cardiff University",GIB001000020013,Image;StillImage,image/jpeg,eng,Public domain,https://creativecommons.org/licenses/by-sa/4.0/
gib001000020014,https://adrian-gibson.github.io/001/GIB001000020014.jpg,,,"Hertfordshire: [Church of St Mary], Meesden ""Porch, brick C1530""",,,,Brick;Stone;Flint;Religious,Hertfordshire,51.973073,0.093429987,"Welsh School of Architecture, Cardiff University",GIB001000020014,Image;StillImage,image/jpeg,eng,Public domain,https://creativecommons.org/licenses/by-sa/4.0/
gib001000021001,https://adrian-gibson.github.io/001/GIB001000021001.jpg,,,"Essex: [Old St Mary's Church], West Bergholt ""Base of belfry frame""",,,,Timber frame;Religious,Essex,51.917262,0.838404059,"Welsh School of Architecture, Cardiff University",GIB001000021001,Image;StillImage,image/jpeg,eng,Public domain,https://creativecommons.org/licenses/by-sa/4.0/
gib001000021002,https://adrian-gibson.github.io/001/GIB001000021002.jpg,,,"Essex: [Old St Mary's Church], West Bergholt ""Section in field""",,,,Timber frame;Archaeological;Religious,Essex,51.917262,0.838404059,"Welsh School of Architecture, Cardiff University",GIB001000021002,Image;StillImage,image/jpeg,eng,Public domain,https://creativecommons.org/licenses/by-sa/4.0/
gib001000021003,https://adrian-gibson.github.io/001/GIB001000021003.jpg,,,"Essex: [Old St Mary's Church], West Bergholt ""Notched lap lodged joist""",,,,Timber frame;Religious,Essex,51.917262,0.838404059,"Welsh School of Architecture, Cardiff University",GIB001000021003,Image;StillImage,image/jpeg,eng,Public domain,https://creativecommons.org/licenses/by-sa/4.0/
gib001000022001,https://adrian-gibson.github.io/001/GIB001000022001.jpg,,,"Germany: Essen Cathedral ""West front""",,,,Stone;Religious,Germany,51.45605821,7.013759566,"Welsh School of Architecture, Cardiff University",GIB001000022001,Image;StillImage,image/jpeg,eng,Public domain,https://creativecommons.org/licenses/by-sa/4.0/
gib001000022003,https://adrian-gibson.github.io/001/GIB001000022003.jpg,,,"Italy: Torcello ""Torcello 12th century murals""",,,,Stone;Religious,Italy,45.49630182,12.41543746,"Welsh School of Architecture, Cardiff University",GIB001000022003,Image;StillImage,image/jpeg,eng,Public domain,https://creativecommons.org/licenses/by-sa/4.0/
gib001000022004,https://adrian-gibson.github.io/001/GIB001000022004.jpg,,,"Germany: Mainz ""Mainz new cathedral from north""",,,,Brick;Stone;Religious,Germany,49.99903249,8.274047092,"Welsh School of Architecture, Cardiff University",GIB001000022004,Image;StillImage,image/jpeg,eng,Public domain,https://creativecommons.org/licenses/by-sa/4.0/
gib001000022005,https://adrian-gibson.github.io/001/GIB001000022005.jpg,,,Germany: Altenberg Abbey,,,,Brick;Stone;Religious,Germany,51.054722,7.132778,"Welsh School of Architecture, Cardiff University",GIB001000022005,Image;StillImage,image/jpeg,eng,Public domain,https://creativecommons.org/licenses/by-sa/4.0/
gib001000023001,https://adrian-gibson.github.io/001/GIB001000023001.jpg,,,"Suffolk: [St Mary's Church], Hadleigh ""Norman church""",,,,Stone;Religious,Suffolk,52.043591,0.952574986,"Welsh School of Architecture, Cardiff University",GIB001000023001,Image;StillImage,image/jpeg,eng,Public domain,https://creativecommons.org/licenses/by-sa/4.0/
gib001000024001,https://adrian-gibson.github.io/001/GIB001000024001.jpg,,,"Suffolk: [St Peter and St Paul's Church], Alpheton ""Porch decorated""",,,,Timber frame;Stone;Religious,Suffolk,52.120781,0.735124045,"Welsh School of Architecture, Cardiff University",GIB001000024001,Image;StillImage,image/jpeg,eng,Public domain,https://creativecommons.org/licenses/by-sa/4.0/
gib001000024002,https://adrian-gibson.github.io/001/GIB001000024002.jpg,,,"Suffolk: [St Peter and St Paul's Church], Alpheton ""South door - decorated""",,,,Timber frame;Stone;Religious,Suffolk,52.120781,0.735124045,"Welsh School of Architecture, Cardiff University",GIB001000024002,Image;StillImage,image/jpeg,eng,Public domain,https://creativecommons.org/licenses/by-sa/4.0/
gib001000024003,https://adrian-gibson.github.io/001/GIB001000024003.jpg,,,"Suffolk: [St Peter and St Paul's Church], Alpheton ""Porch decorated""",,,,Timber frame;Stone;Religious,Suffolk,52.120781,0.735124045,"Welsh School of Architecture, Cardiff University",GIB001000024003,Image;StillImage,image/jpeg,eng,Public domain,https://creativecommons.org/licenses/by-sa/4.0/
gib001000025001,https://adrian-gibson.github.io/001/GIB001000025001.jpg,,,"Gloucestershire: [St Mary the Virgin], Syde ""Roof C posts""",,,,Timber frame;Stone;Religious,Gloucestershire,51.796242,-2.07505758,"Welsh School of Architecture, Cardiff University",GIB001000025001,Image;StillImage,image/jpeg,eng,Public domain,https://creativecommons.org/licenses/by-sa/4.0/
gib001000025002,https://adrian-gibson.github.io/001/GIB001000025002.jpg,,,"Gloucestershire: [St Mary the Virgin], Syde",,,,Timber frame;Stone;Religious,Gloucestershire,51.796242,-2.07505758,"Welsh School of Architecture, Cardiff University",GIB001000025002,Image;StillImage,image/jpeg,eng,Public domain,https://creativecommons.org/licenses/by-sa/4.0/
gib001000026001,https://adrian-gibson.github.io/001/GIB001000026001.jpg,,,"Bedford: [All Saints], Little Staughton ""Capital: c1300""",,,,Stone;Religious,Bedford,52.250865,-0.38184081,"Welsh School of Architecture, Cardiff University",GIB001000026001,Image;StillImage,image/jpeg,eng,Public domain,https://creativecommons.org/licenses/by-sa/4.0/
gib001000028001,https://adrian-gibson.github.io/001/GIB001000028001.jpg,,,"Westminster: St Pauls Cathedral ""Great Beast and Serpent, ringerike tombstone""",,,,Stone;Object;Religious,Westminster,51.513969,-0.098307685,"Welsh School of Architecture, Cardiff University",GIB001000028001,Image;StillImage,image/jpeg,eng,Public domain,https://creativecommons.org/licenses/by-sa/4.0/
gib001000028002,https://adrian-gibson.github.io/001/GIB001000028002.jpg,,,"Gloucestershire: [St Mary's Church], Bibury ""Ringerike gravestone""",,,,Stone;Object;Religious,Gloucestershire,51.757282,-1.830308342,"Welsh School of Architecture, Cardiff University",GIB001000028002,Image;StillImage,image/jpeg,eng,Public domain,https://creativecommons.org/licenses/by-sa/4.0/
gib001000029001,https://adrian-gibson.github.io/001/GIB001000029001.jpg,,,"York: All Saints Church ""Pavement""",,,,Stone;Religious,York,53.958507,-1.086248023,"Welsh School of Architecture, Cardiff University",GIB001000029001,Image;StillImage,image/jpeg,eng,Public domain,https://creativecommons.org/licenses/by-sa/4.0/
gib001000030001,https://adrian-gibson.github.io/001/GIB001000030001.jpg,,,"Lancashire: [St Margaret's Church], Hornby ""From south east""",,,,Stone;Religious,Lancashire,54.111454,-2.636984913,"Welsh School of Architecture, Cardiff University",GIB001000030001,Image;StillImage,image/jpeg,eng,Public domain,https://creativecommons.org/licenses/by-sa/4.0/
gib001000032001,https://adrian-gibson.github.io/001/GIB001000032001.jpg,,,"Somerset: Exebridge nr Dulverton ""Parabola arches""",,,,Stone;Industrial;Bridge,Somerset,51.009562,-3.5267858,"Welsh School of Architecture, Cardiff University",GIB001000032001,Image;StillImage,image/jpeg,eng,Public domain,https://creativecommons.org/licenses/by-sa/4.0/
gib001000032002,https://adrian-gibson.github.io/001/GIB001000032002.jpg,,,"Somerset: Exebridge nr Dulverton ""Parabola arches""",,,,Stone;Plaster;Industrial;Bridge,Somerset,51.009562,-3.5267858,"Welsh School of Architecture, Cardiff University",GIB001000032002,Image;StillImage,image/jpeg,eng,Public domain,https://creativecommons.org/licenses/by-sa/4.0/
gib001000033001,https://adrian-gibson.github.io/001/GIB001000033001.jpg,,,"Essex: [St Mary's Church], Great Bardfield ""Door""",,,,Stone;Wood;Religious,Essex,51.946579,0.440074395,"Welsh School of Architecture, Cardiff University",GIB001000033001,Image;StillImage,image/jpeg,eng,Public domain,https://creativecommons.org/licenses/by-sa/4.0/
gib001000033002,https://adrian-gibson.github.io/001/GIB001000033002.jpg,,,"Essex: [St Mary's Church], Great Bardfield ""South door""",,,,Stone;Wood;Religious,Essex,51.946579,0.440074395,"Welsh School of Architecture, Cardiff University",GIB001000033002,Image;StillImage,image/jpeg,eng,Public domain,https://creativecommons.org/licenses/by-sa/4.0/
gib001000033003,https://adrian-gibson.github.io/001/GIB001000033003.jpg,,,"Essex: [St Mary's Church], Great Bardfield ""Door""",,,,Stone;Wood;Religious,Essex,51.946579,0.440074395,"Welsh School of Architecture, Cardiff University",GIB001000033003,Image;StillImage,image/jpeg,eng,Public domain,https://creativecommons.org/licenses/by-sa/4.0/
gib001000034001,https://adrian-gibson.github.io/001/GIB001000034001.jpg,,,"West Yorkshire: Stanbury ""Farmhouse""",,,,Stone;Domestic,West Yorkshire,53.830877,-1.981635877,"Welsh School of Architecture, Cardiff University",GIB001000034001,Image;StillImage,image/jpeg,eng,Public domain,https://creativecommons.org/licenses/by-sa/4.0/
gib001000034002,https://adrian-gibson.github.io/001/GIB001000034002.jpg,,,"West Yorkshire: Stanbury ""Door dated 1715""",,,,Stone;Domestic,West Yorkshire,53.830877,-1.981635877,"Welsh School of Architecture, Cardiff University",GIB001000034002,Image;StillImage,image/jpeg,eng,Public domain,https://creativecommons.org/licenses/by-sa/4.0/
gib001000035001,https://adrian-gibson.github.io/001/GIB001000035001.jpg,,,"Norfolk: [St Margaret's Church], Garveston ""Perpendicular stretched hex""",,,,Stone;Flint;Religious,Norfolk,52.626393,0.98868818,"Welsh School of Architecture, Cardiff University",GIB001000035001,Image;StillImage,image/jpeg,eng,Public domain,https://creativecommons.org/licenses/by-sa/4.0/
gib001000035002,https://adrian-gibson.github.io/001/GIB001000035002.jpg,,,"Norfolk: [St Margaret's Church], Garveston ""Decorated chancel""",,,,Stone;Flint;Religious,Norfolk,52.626393,0.98868818,"Welsh School of Architecture, Cardiff University",GIB001000035002,Image;StillImage,image/jpeg,eng,Public domain,https://creativecommons.org/licenses/by-sa/4.0/
gib001000036005,https://adrian-gibson.github.io/001/GIB001000036005.jpg,,,Wiltshire: Malmesbury Abbey,,,,Stone;Religious,Wiltshire,51.584704,-2.0984999,"Welsh School of Architecture, Cardiff University",GIB001000036005,Image;StillImage,image/jpeg,eng,Public domain,https://creativecommons.org/licenses/by-sa/4.0/
gib001000037001,https://adrian-gibson.github.io/001/GIB001000037001.jpg,,,"Gloucestershire: Daglingworth ""17th century tomb""",,,,Stone;Religious,Gloucestershire,51.743647,-2.0109746,"Welsh School of Architecture, Cardiff University",GIB001000037001,Image;StillImage,image/jpeg,eng,Public domain,https://creativecommons.org/licenses/by-sa/4.0/
gib001000039001,https://adrian-gibson.github.io/001/GIB001000039001.jpg,,,"Bedford: Boxgrove Priory ""Renaissance tomb""",,,,Stone;Religious,Bedford,52.138291,-0.42673656,"Welsh School of Architecture, Cardiff University",GIB001000039001,Image;StillImage,image/jpeg,eng,Public domain,https://creativecommons.org/licenses/by-sa/4.0/
gib001000039002,https://adrian-gibson.github.io/001/GIB001000039002.jpg,,,"Bedford: Boxgrove Priory ""Renaissance tomb""",,,,Stone;Religious,Bedford,52.138291,-0.42673656,"Welsh School of Architecture, Cardiff University",GIB001000039002,Image;StillImage,image/jpeg,eng,Public domain,https://creativecommons.org/licenses/by-sa/4.0/
gib001000039003,https://adrian-gibson.github.io/001/GIB001000039003.jpg,,,"Bedford: Boxgrove Priory ""Flying buttresses""",,,,Stone;Religious,Bedford,52.138291,-0.42673656,"Welsh School of Architecture, Cardiff University",GIB001000039003,Image;StillImage,image/jpeg,eng,Public domain,https://creativecommons.org/licenses/by-sa/4.0/
gib001000040001,https://adrian-gibson.github.io/001/GIB001000040001.jpg,,,"Oxfordshire: [St Leonard's and St James's Church], Rousham ""Capital scallop trumpet""",,,,Stone;Religious,Oxfordshire,51.914047,-1.303791609,"Welsh School of Architecture, Cardiff University",GIB001000040001,Image;StillImage,image/jpeg,eng,Public domain,https://creativecommons.org/licenses/by-sa/4.0/
gib001000040002,https://adrian-gibson.github.io/001/GIB001000040002.jpg,,,"Oxfordshire: [St Leonard's and St James's Church], Rousham ""Rousham Church Waterleaf Cap [Capital]""",,,,Stone;Religious,Oxfordshire,51.914047,-1.303791609,"Welsh School of Architecture, Cardiff University",GIB001000040002,Image;StillImage,image/jpeg,eng,Public domain,https://creativecommons.org/licenses/by-sa/4.0/
gib001000041001,https://adrian-gibson.github.io/001/GIB001000041001.jpg,,,"Powys: [St Nicholas Church], Montgomery ""Lord Montgomery, Richard Herbert - tomb 1600 - probably by Walter Hancock""",,,,Stone;Object;Religious,Powys,52.561 ,-3.1467,"Welsh School of Architecture, Cardiff University",GIB001000041001,Image;StillImage,image/jpeg,eng,Public domain,https://creativecommons.org/licenses/by-sa/4.0/
gib001000041002,https://adrian-gibson.github.io/001/GIB001000041002.jpg,,,"Derbyshire: [Bredon Priory] ""Breedon on the Hill, 2 decker monument""",,,,Stone;Object;Religious,Derbyshire,52.806085,-1.3997709,"Welsh School of Architecture, Cardiff University",GIB001000041002,Image;StillImage,image/jpeg,eng,Public domain,https://creativecommons.org/licenses/by-sa/4.0/
gib001000041003,https://adrian-gibson.github.io/001/GIB001000041003.jpg,,,"Herefordshire: [St Bartholomew's Church], Much Marcle ""Blanche Mortimer tomb""",,,,Stone;Object;Religious,Herefordshire,51.992097,-2.5008244,"Welsh School of Architecture, Cardiff University",GIB001000041003,Image;StillImage,image/jpeg,eng,Public domain,https://creativecommons.org/licenses/by-sa/4.0/
gib001000041004,https://adrian-gibson.github.io/001/GIB001000041004.jpg,,,"Oxfordshire: [St Kenelm's Church], Minster Lovell ""Mid C15 Knight - Will Lovell 1455 or son John 1465""",,,,Stone;Object;Religious,Oxfordshire,51.800492,-1.531500352,"Welsh School of Architecture, Cardiff University",GIB001000041004,Image;StillImage,image/jpeg,eng,Public domain,https://creativecommons.org/licenses/by-sa/4.0/
gib001000041005,https://adrian-gibson.github.io/001/GIB001000041005.jpg,,,"Herefordshire: [St Bartholomew's Church], Much Marcle ""Blanche Mortimer, Lady Grandison 1347""",,,,Stone;Object;Religious,Herefordshire,51.992097,-2.5008244,"Welsh School of Architecture, Cardiff University",GIB001000041005,Image;StillImage,image/jpeg,eng,Public domain,https://creativecommons.org/licenses/by-sa/4.0/
gib001000042001,https://adrian-gibson.github.io/001/GIB001000042001.jpg,,,"Oxfordshire: [St Andrew's Church], Great Rollright ""C13/14 capitals undercut, chancel arch""",,,,Stone;Religious,Oxfordshire,51.981064,-1.525509429,"Welsh School of Architecture, Cardiff University",GIB001000042001,Image;StillImage,image/jpeg,eng,Public domain,https://creativecommons.org/licenses/by-sa/4.0/
gib001000042002,https://adrian-gibson.github.io/001/GIB001000042002.jpg,,,"Oxfordshire: [St Andrew's Church], Great Rollright ""South door tympanum""",,,,Stone;Religious,Oxfordshire,51.981064,-1.525509429,"Welsh School of Architecture, Cardiff University",GIB001000042002,Image;StillImage,image/jpeg,eng,Public domain,https://creativecommons.org/licenses/by-sa/4.0/
gib001000042003,https://adrian-gibson.github.io/001/GIB001000042003.jpg,,,"Oxfordshire: [St Andrew's Church], Great Rollright ""East end""",,,,Stone;Religious,Oxfordshire,51.981064,-1.525509429,"Welsh School of Architecture, Cardiff University",GIB001000042003,Image;StillImage,image/jpeg,eng,Public domain,https://creativecommons.org/licenses/by-sa/4.0/
gib001000042004,https://adrian-gibson.github.io/001/GIB001000042004.jpg,,,"Oxfordshire: [St Andrew's Church], Great Rollright ""From south east""",,,,Stone;Religious,Oxfordshire,51.981064,-1.525509429,"Welsh School of Architecture, Cardiff University",GIB001000042004,Image;StillImage,image/jpeg,eng,Public domain,https://creativecommons.org/licenses/by-sa/4.0/
gib001000042005,https://adrian-gibson.github.io/001/GIB001000042005.jpg,,,"Oxfordshire: [St Andrew's Church], Great Rollright ""Choir screen - repainted""",,,,Stone;Religious,Oxfordshire,51.981064,-1.525509429,"Welsh School of Architecture, Cardiff University",GIB001000042005,Image;StillImage,image/jpeg,eng,Public domain,https://creativecommons.org/licenses/by-sa/4.0/
gib001000042006,https://adrian-gibson.github.io/001/GIB001000042006.jpg,,,"Oxfordshire: [St Andrew's Church], Great Rollright ""South door tympanum""",,,,Stone;Religious,Oxfordshire,51.981064,-1.525509429,"Welsh School of Architecture, Cardiff University",GIB001000042006,Image;StillImage,image/jpeg,eng,Public domain,https://creativecommons.org/licenses/by-sa/4.0/
gib001000042007,https://adrian-gibson.github.io/001/GIB001000042007.jpg,,,"Oxfordshire: [St Andrew's Church], Great Rollright ""Gravestone 1846""",,,,Stone;Religious,Oxfordshire,51.981064,-1.525509429,"Welsh School of Architecture, Cardiff University",GIB001000042007,Image;StillImage,image/jpeg,eng,Public domain,https://creativecommons.org/licenses/by-sa/4.0/
gib001000042008,https://adrian-gibson.github.io/001/GIB001000042008.jpg,,,"Oxfordshire: [St Andrew's Church], Great Rollright ""Gravestone 1823""",,,,Stone;Religious,Oxfordshire,51.981064,-1.525509429,"Welsh School of Architecture, Cardiff University",GIB001000042008,Image;StillImage,image/jpeg,eng,Public domain,https://creativecommons.org/licenses/by-sa/4.0/
gib001000042009,https://adrian-gibson.github.io/001/GIB001000042009.jpg,,,"Oxfordshire: [St Andrew's Church], Great Rollright ""South doorway - tympanum Norman""",,,,Stone;Religious,Oxfordshire,51.981064,-1.525509429,"Welsh School of Architecture, Cardiff University",GIB001000042009,Image;StillImage,image/jpeg,eng,Public domain,https://creativecommons.org/licenses/by-sa/4.0/
gib001000042010,https://adrian-gibson.github.io/001/GIB001000042010.jpg,,,"Oxfordshire: [St Andrew's Church], Great Rollright ""South east corner, windows, corbel table and buttress""",,,,Stone;Religious,Oxfordshire,51.981064,-1.525509429,"Welsh School of Architecture, Cardiff University",GIB001000042010,Image;StillImage,image/jpeg,eng,Public domain,https://creativecommons.org/licenses/by-sa/4.0/
gib001000042011,https://adrian-gibson.github.io/001/GIB001000042011.jpg,,,"Oxfordshire: [St Andrew's Church], Great Rollright ""South arcade pier""",,,,Stone;Religious,Oxfordshire,51.981064,-1.525509429,"Welsh School of Architecture, Cardiff University",GIB001000042011,Image;StillImage,image/jpeg,eng,Public domain,https://creativecommons.org/licenses/by-sa/4.0/
gib001000042012,https://adrian-gibson.github.io/001/GIB001000042012.jpg,,,"Oxfordshire: [St Andrew's Church], Great Rollright ""Screen canopy""",,,,Stone;Religious,Oxfordshire,51.981064,-1.525509429,"Welsh School of Architecture, Cardiff University",GIB001000042012,Image;StillImage,image/jpeg,eng,Public domain,https://creativecommons.org/licenses/by-sa/4.0/
gib001000042013,https://adrian-gibson.github.io/001/GIB001000042013.jpg,,,"Oxfordshire: [St Andrew's Church], Great Rollright ""C13/14 column bases chancel arch""",,,,Stone;Religious,Oxfordshire,51.981064,-1.525509429,"Welsh School of Architecture, Cardiff University",GIB001000042013,Image;StillImage,image/jpeg,eng,Public domain,https://creativecommons.org/licenses/by-sa/4.0/
gib001000042014,https://adrian-gibson.github.io/001/GIB001000042014.jpg,,,"Oxfordshire: [St Andrew's Church], Great Rollright ""South door - tympanum Jonah and whale""",,,,Stone;Religious,Oxfordshire,51.981064,-1.525509429,"Welsh School of Architecture, Cardiff University",GIB001000042014,Image;StillImage,image/jpeg,eng,Public domain,https://creativecommons.org/licenses/by-sa/4.0/
gib001000044001,https://adrian-gibson.github.io/001/GIB001000044001.jpg,,,"Cumbria: Cartmel Priory ""Decorated monument""",,,,Stone;Religious,Cumbria,54.201122,-2.952342546,"Welsh School of Architecture, Cardiff University",GIB001000044001,Image;StillImage,image/jpeg,eng,Public domain,https://creativecommons.org/licenses/by-sa/4.0/
gib001000044002,https://adrian-gibson.github.io/001/GIB001000044002.jpg,,,"Cumbria: Cartmel Priory ""Pepiscina [piscina] and sedilia""",,,,Stone;Religious,Cumbria,54.201122,-2.952342546,"Welsh School of Architecture, Cardiff University",GIB001000044002,Image;StillImage,image/jpeg,eng,Public domain,https://creativecommons.org/licenses/by-sa/4.0/
gib001000044003,https://adrian-gibson.github.io/001/GIB001000044003.jpg,,,Cumbria: Cartmel Priory,,,,Stone;Religious,Cumbria,54.201122,-2.952342546,"Welsh School of Architecture, Cardiff University",GIB001000044003,Image;StillImage,image/jpeg,eng,Public domain,https://creativecommons.org/licenses/by-sa/4.0/
gib001000045001,https://adrian-gibson.github.io/001/GIB001000045001.jpg,,,"Suffolk: [St Mary's], Earl Stonham ""Bench end 3 faces""",,,,Wood;Object;Religious,Suffolk,52.188187,1.082446182,"Welsh School of Architecture, Cardiff University",GIB001000045001,Image;StillImage,image/jpeg,eng,Public domain,https://creativecommons.org/licenses/by-sa/4.0/
gib001000045002,https://adrian-gibson.github.io/001/GIB001000045002.jpg,,,"Suffolk: [St Mary's], Earl Stonham ""Roof nave""",,,,Stone;Timber frame;Religious,Suffolk,52.188187,1.082446182,"Welsh School of Architecture, Cardiff University",GIB001000045002,Image;StillImage,image/jpeg,eng,Public domain,https://creativecommons.org/licenses/by-sa/4.0/
gib001000045003,https://adrian-gibson.github.io/001/GIB001000045003.jpg,,,"Suffolk: [St Mary's], Earl Stonham ""Bench, fleurons and dragon""",,,,Wood;Object;Religious,Suffolk,52.188187,1.082446182,"Welsh School of Architecture, Cardiff University",GIB001000045003,Image;StillImage,image/jpeg,eng,Public domain,https://creativecommons.org/licenses/by-sa/4.0/
gib001000045004,https://adrian-gibson.github.io/001/GIB001000045004.jpg,,,"Suffolk: [St Mary's], Earl Stonham ""Roof nave""",,,,Stone;Timber frame;Religious,Suffolk,52.188187,1.082446182,"Welsh School of Architecture, Cardiff University",GIB001000045004,Image;StillImage,image/jpeg,eng,Public domain,https://creativecommons.org/licenses/by-sa/4.0/
gib001000045005,https://adrian-gibson.github.io/001/GIB001000045005.jpg,,,"Suffolk: [St Mary's], Earl Stonham",,,,Stone;Religious,Suffolk,52.188187,1.082446182,"Welsh School of Architecture, Cardiff University",GIB001000045005,Image;StillImage,image/jpeg,eng,Public domain,https://creativecommons.org/licenses/by-sa/4.0/
gib001000045006,https://adrian-gibson.github.io/001/GIB001000045006.jpg,,,"Suffolk: [St Mary's], Earl Stonham ""Hourglasses""",,,,Wood;Object;Religious,Suffolk,52.188187,1.082446182,"Welsh School of Architecture, Cardiff University",GIB001000045006,Image;StillImage,image/jpeg,eng,Public domain,https://creativecommons.org/licenses/by-sa/4.0/
gib001000045007,https://adrian-gibson.github.io/001/GIB001000045007.jpg,,,"Suffolk: [St Mary's], Earl Stonham ""Fool in spandrel""",,,,Stone;Timber frame;Religious,Suffolk,52.188187,1.082446182,"Welsh School of Architecture, Cardiff University",GIB001000045007,Image;StillImage,image/jpeg,eng,Public domain,https://creativecommons.org/licenses/by-sa/4.0/
gib001000046001,https://adrian-gibson.github.io/001/GIB001000046001.jpg,,,"Norfolk: [St Michael and All Angels Church], Barton Turf ""St Olave, St Edward, battle axe""",,,,Stone;Wood;Object;Religious,Norfolk,52.743674,1.470868482,"Welsh School of Architecture, Cardiff University",GIB001000046001,Image;StillImage,image/jpeg,eng,Public domain,https://creativecommons.org/licenses/by-sa/4.0/
gib001000046002,https://adrian-gibson.github.io/001/GIB001000046002.jpg,,,"Norfolk: [St Michael and All Angels Church], Barton Turf ""Interior full length""",,,,Stone;Religious,Norfolk,52.743674,1.470868482,"Welsh School of Architecture, Cardiff University",GIB001000046002,Image;StillImage,image/jpeg,eng,Public domain,https://creativecommons.org/licenses/by-sa/4.0/
gib001000046003,https://adrian-gibson.github.io/001/GIB001000046003.jpg,,,"Norfolk: [St Helen's Church], Ranworth ""Ranworth painted screen""",,,,Stone;Religious,Norfolk,52.679548,1.4840789,"Welsh School of Architecture, Cardiff University",GIB001000046003,Image;StillImage,image/jpeg,eng,Public domain,https://creativecommons.org/licenses/by-sa/4.0/
gib001000047001,https://adrian-gibson.github.io/001/GIB001000047001.jpg,,,Bath and North East Somerset: Bath Cathedral,,,,Stone;Religious,Bath and North East Somerset,51.381483,-2.3587289,"Welsh School of Architecture, Cardiff University",GIB001000047001,Image;StillImage,image/jpeg,eng,Public domain,https://creativecommons.org/licenses/by-sa/4.0/
gib001000047002,https://adrian-gibson.github.io/001/GIB001000047002.jpg,,,"Bath and North East Somerset: Bath Abbey ""Green""",,,,Stone;Religious,Bath and North East Somerset,51.381483,-2.3587289,"Welsh School of Architecture, Cardiff University",GIB001000047002,Image;StillImage,image/jpeg,eng,Public domain,https://creativecommons.org/licenses/by-sa/4.0/
gib001000047004,https://adrian-gibson.github.io/001/GIB001000047004.jpg,,,"Bath and North East Somerset: Bath Abbey ""Green""",,,,Stone;Religious,Bath and North East Somerset,51.381483,-2.3587289,"Welsh School of Architecture, Cardiff University",GIB001000047004,Image;StillImage,image/jpeg,eng,Public domain,https://creativecommons.org/licenses/by-sa/4.0/
gib001000048001,https://adrian-gibson.github.io/001/GIB001000048001.jpg,,,"Cambridgeshire: Kings College ""Chapel joint 1485""",,,,Timber frame;Religious,Cambridgeshire,52.204801,0.11656,"Welsh School of Architecture, Cardiff University",GIB001000048001,Image;StillImage,image/jpeg,eng,Public domain,https://creativecommons.org/licenses/by-sa/4.0/
gib001000048003,https://adrian-gibson.github.io/001/GIB001000048003.jpg,,,"Cambridgeshire: Kings College ""Church roof pinnacle""",,,,Stone;Religious,Cambridgeshire,52.204801,0.11656,"Welsh School of Architecture, Cardiff University",GIB001000048003,Image;StillImage,image/jpeg,eng,Public domain,https://creativecommons.org/licenses/by-sa/4.0/
gib001000048004,https://adrian-gibson.github.io/001/GIB001000048004.jpg,,,"Cambridgeshire: Kings College ""Church Chapel finial""",,,,Stone;Religious,Cambridgeshire,52.204801,0.11656,"Welsh School of Architecture, Cardiff University",GIB001000048004,Image;StillImage,image/jpeg,eng,Public domain,https://creativecommons.org/licenses/by-sa/4.0/
gib001000048005,https://adrian-gibson.github.io/001/GIB001000048005.jpg,,,"Cambridgeshire: Kings College ""Church Chapel roof apex - east end""",,,,Lead;Stone;Religious,Cambridgeshire,52.204801,0.11656,"Welsh School of Architecture, Cardiff University",GIB001000048005,Image;StillImage,image/jpeg,eng,Public domain,https://creativecommons.org/licenses/by-sa/4.0/
gib001000048006,https://adrian-gibson.github.io/001/GIB001000048006.jpg,,,"Cambridgeshire: Kings College ""Church Chapel over fan vault, mason's marks""",,,,Stone;Religious,Cambridgeshire,52.204801,0.11656,"Welsh School of Architecture, Cardiff University",GIB001000048006,Image;StillImage,image/jpeg,eng,Public domain,https://creativecommons.org/licenses/by-sa/4.0/
gib001000048008,https://adrian-gibson.github.io/001/GIB001000048008.jpg,,,"Cambridgeshire: Kings College ""Church Chapel glass""",,,,Glass;Religious,Cambridgeshire,52.204801,0.11656,"Welsh School of Architecture, Cardiff University",GIB001000048008,Image;StillImage,image/jpeg,eng,Public domain,https://creativecommons.org/licenses/by-sa/4.0/
gib001000048011,https://adrian-gibson.github.io/001/GIB001000048011.jpg,,,"Cambridgeshire: Kings College ""Church Chapel""",,,,Stone;Religious,Cambridgeshire,52.204801,0.11656,"Welsh School of Architecture, Cardiff University",GIB001000048011,Image;StillImage,image/jpeg,eng,Public domain,https://creativecommons.org/licenses/by-sa/4.0/
gib001000048013,https://adrian-gibson.github.io/001/GIB001000048013.jpg,,,"Cambridgeshire: Kings College ""Church Chapel looking E S face""",,,,Stone;Religious,Cambridgeshire,52.204801,0.11656,"Welsh School of Architecture, Cardiff University",GIB001000048013,Image;StillImage,image/jpeg,eng,Public domain,https://creativecommons.org/licenses/by-sa/4.0/
gib001000048014,https://adrian-gibson.github.io/001/GIB001000048014.jpg,,,"Cambridgeshire: Kings College ""Church Chapel Lewis holes and mason's marks""",,,,Wood;Religious,Cambridgeshire,52.204801,0.11656,"Welsh School of Architecture, Cardiff University",GIB001000048014,Image;StillImage,image/jpeg,eng,Public domain,https://creativecommons.org/licenses/by-sa/4.0/
gib001000048015,https://adrian-gibson.github.io/001/GIB001000048015.jpg,,,"Cambridgeshire: Kings College ""Standing on the roof of Kings Chapel""",,,,Lead;Religious,Cambridgeshire,52.204801,0.11656,"Welsh School of Architecture, Cardiff University",GIB001000048015,Image;StillImage,image/jpeg,eng,Public domain,https://creativecommons.org/licenses/by-sa/4.0/
gib001000048016,https://adrian-gibson.github.io/001/GIB001000048016.jpg,,,"Cambridgeshire: Kings College ""Church - on roof""",,,,Lead;Stone;Religious,Cambridgeshire,52.204801,0.11656,"Welsh School of Architecture, Cardiff University",GIB001000048016,Image;StillImage,image/jpeg,eng,Public domain,https://creativecommons.org/licenses/by-sa/4.0/
gib001000048017,https://adrian-gibson.github.io/001/GIB001000048017.jpg,,,"Cambridgeshire: Kings College ""Church - on roof""",,,,Lead;Stone;Religious,Cambridgeshire,52.204801,0.11656,"Welsh School of Architecture, Cardiff University",GIB001000048017,Image;StillImage,image/jpeg,eng,Public domain,https://creativecommons.org/licenses/by-sa/4.0/
gib001000048020,https://adrian-gibson.github.io/001/GIB001000048020.jpg,,,"Cambridgeshire: Kings College ""Church Chapel end of 5th bay roof""",,,,Timber frame;Religious,Cambridgeshire,52.204801,0.11656,"Welsh School of Architecture, Cardiff University",GIB001000048020,Image;StillImage,image/jpeg,eng,Public domain,https://creativecommons.org/licenses/by-sa/4.0/
gib001000048021,https://adrian-gibson.github.io/001/GIB001000048021.jpg,,,"Cambridgeshire: Kings College ""Church Chapel glass""",,,,Glass;Religious,Cambridgeshire,52.204801,0.11656,"Welsh School of Architecture, Cardiff University",GIB001000048021,Image;StillImage,image/jpeg,eng,Public domain,https://creativecommons.org/licenses/by-sa/4.0/
gib001000048024,https://adrian-gibson.github.io/001/GIB001000048024.jpg,,,"Cambridgeshire: Kings College ""Church Chapel joint 1510""",,,,Timber frame;Religious,Cambridgeshire,52.204801,0.11656,"Welsh School of Architecture, Cardiff University",GIB001000048024,Image;StillImage,image/jpeg,eng,Public domain,https://creativecommons.org/licenses/by-sa/4.0/
gib001000048026,https://adrian-gibson.github.io/001/GIB001000048026.jpg,,,"Cambridgeshire: Kings College ""Church Chapel glass""",,,,Glass;Stone;Religious,Cambridgeshire,52.204801,0.11656,"Welsh School of Architecture, Cardiff University",GIB001000048026,Image;StillImage,image/jpeg,eng,Public domain,https://creativecommons.org/licenses/by-sa/4.0/
gib001000048028,https://adrian-gibson.github.io/001/GIB001000048028.jpg,,,"Cambridgeshire: Kings College ""Chapel glass""",,,,Glass;Stone;Religious,Cambridgeshire,52.204801,0.11656,"Welsh School of Architecture, Cardiff University",GIB001000048028,Image;StillImage,image/jpeg,eng,Public domain,https://creativecommons.org/licenses/by-sa/4.0/
gib001000048030,https://adrian-gibson.github.io/001/GIB001000048030.jpg,,,"Cambridgeshire: Kings College ""Church Chapel end of 5th bay in roof""",,,,Brick;Timber frame;Religious,Cambridgeshire,52.204801,0.11656,"Welsh School of Architecture, Cardiff University",GIB001000048030,Image;StillImage,image/jpeg,eng,Public domain,https://creativecommons.org/licenses/by-sa/4.0/
gib001000048031,https://adrian-gibson.github.io/001/GIB001000048031.jpg,,,"Cambridgeshire: Kings College ""Church Chapel over fan vault""",,,,Timber frame;Religious,Cambridgeshire,52.204801,0.11656,"Welsh School of Architecture, Cardiff University",GIB001000048031,Image;StillImage,image/jpeg,eng,Public domain,https://creativecommons.org/licenses/by-sa/4.0/
gib001000049001,https://adrian-gibson.github.io/001/GIB001000049001.jpg,,,"Hertfordshire: St Mary's Church, Hitchin",,,,Brick;Flint;Stone;Religious,Hertfordshire,51.947976,-0.277708392,"Welsh School of Architecture, Cardiff University",GIB001000049001,Image;StillImage,image/jpeg,eng,Public domain,https://creativecommons.org/licenses/by-sa/4.0/
gib001000049002,https://adrian-gibson.github.io/001/GIB001000049002.jpg,,,"Hertfordshire: St Mary's Church, Hitchin ""From south east""",,,,Brick;Flint;Stone;Religious,Hertfordshire,51.947976,-0.277708392,"Welsh School of Architecture, Cardiff University",GIB001000049002,Image;StillImage,image/jpeg,eng,Public domain,https://creativecommons.org/licenses/by-sa/4.0/
gib001000049003,https://adrian-gibson.github.io/001/GIB001000049003.jpg,,,"Hertfordshire: St Mary's Church, Hitchin ""Porch shield fired, Calais [of Hattock]""",,,,Stone;Religious,Hertfordshire,51.947976,-0.277708392,"Welsh School of Architecture, Cardiff University",GIB001000049003,Image;StillImage,image/jpeg,eng,Public domain,https://creativecommons.org/licenses/by-sa/4.0/
gib001000049004,https://adrian-gibson.github.io/001/GIB001000049004.jpg,,,"Hertfordshire: St Mary's Church, Hitchin ""2 storeyed porch""",,,,Stone;Religious,Hertfordshire,51.947976,-0.277708392,"Welsh School of Architecture, Cardiff University",GIB001000049004,Image;StillImage,image/jpeg,eng,Public domain,https://creativecommons.org/licenses/by-sa/4.0/
gib001000049005,https://adrian-gibson.github.io/001/GIB001000049005.jpg,,,"Hertfordshire: St Mary's Church, Hitchin ""East end""",,,,Flint;Stone;Religious,Hertfordshire,51.947976,-0.277708392,"Welsh School of Architecture, Cardiff University",GIB001000049005,Image;StillImage,image/jpeg,eng,Public domain,https://creativecommons.org/licenses/by-sa/4.0/
gib001000049006,https://adrian-gibson.github.io/001/GIB001000049006.jpg,,,"Hertfordshire: St Mary's Church, Hitchin ""2 storey porch - parapet Mary and stapler marks""",,,,Flint;Stone;Religious,Hertfordshire,51.947976,-0.277708392,"Welsh School of Architecture, Cardiff University",GIB001000049006,Image;StillImage,image/jpeg,eng,Public domain,https://creativecommons.org/licenses/by-sa/4.0/
gib001000049007,https://adrian-gibson.github.io/001/GIB001000049007.jpg,,,"Hertfordshire: St Mary's Church, Hitchin ""From south west""",,,,Brick;Flint;Stone;Religious,Hertfordshire,51.947976,-0.277708392,"Welsh School of Architecture, Cardiff University",GIB001000049007,Image;StillImage,image/jpeg,eng,Public domain,https://creativecommons.org/licenses/by-sa/4.0/
gib001000049008,https://adrian-gibson.github.io/001/GIB001000049008.jpg,,,"Hertfordshire: St Mary's Church, Hitchin ""South Aisle""",,,,Brick;Flint;Stone;Religious,Hertfordshire,51.947976,-0.277708392,"Welsh School of Architecture, Cardiff University",GIB001000049008,Image;StillImage,image/jpeg,eng,Public domain,https://creativecommons.org/licenses/by-sa/4.0/
gib001000049009,https://adrian-gibson.github.io/001/GIB001000049009.jpg,,,"Hertfordshire: St Mary's Church, Hitchin ""Tower from south west""",,,,Brick;Flint;Stone;Religious,Hertfordshire,51.947976,-0.277708392,"Welsh School of Architecture, Cardiff University",GIB001000049009,Image;StillImage,image/jpeg,eng,Public domain,https://creativecommons.org/licenses/by-sa/4.0/
gib001000049010,https://adrian-gibson.github.io/001/GIB001000049010.jpg,,,"Hertfordshire: St Mary's Church, Hitchin ""Tower""",,,,Brick;Flint;Stone;Religious,Hertfordshire,51.947976,-0.277708392,"Welsh School of Architecture, Cardiff University",GIB001000049010,Image;StillImage,image/jpeg,eng,Public domain,https://creativecommons.org/licenses/by-sa/4.0/
gib001000049011,https://adrian-gibson.github.io/001/GIB001000049011.jpg,,,"Hertfordshire: St Mary's Church, Hitchin ""South west corner""",,,,Flint;Stone;Religious,Hertfordshire,51.947976,-0.277708392,"Welsh School of Architecture, Cardiff University",GIB001000049011,Image;StillImage,image/jpeg,eng,Public domain,https://creativecommons.org/licenses/by-sa/4.0/
gib001000049012,https://adrian-gibson.github.io/001/GIB001000049012.jpg,,,"Hertfordshire: St Mary's Church, Hitchin ""2 storey porch""",,,,Stone;Religious,Hertfordshire,51.947976,-0.277708392,"Welsh School of Architecture, Cardiff University",GIB001000049012,Image;StillImage,image/jpeg,eng,Public domain,https://creativecommons.org/licenses/by-sa/4.0/
gib001000049013,https://adrian-gibson.github.io/001/GIB001000049013.jpg,,,"Hertfordshire: St Mary's Church, Hitchin ""Calais staple, mark of mattock, porch""",,,,Stone;Religious,Hertfordshire,51.947976,-0.277708392,"Welsh School of Architecture, Cardiff University",GIB001000049013,Image;StillImage,image/jpeg,eng,Public domain,https://creativecommons.org/licenses/by-sa/4.0/
gib001000050002,https://adrian-gibson.github.io/001/GIB001000050002.jpg,,,"Windsor and Maidenhead: St George's Chapel, Windsor Castle ""Cloister vault decorated / perpendicular wall tracery""",,,,Stone;Religious,Windsor and Maidenhead,51.483664,-0.60679614,"Welsh School of Architecture, Cardiff University",GIB001000050002,Image;StillImage,image/jpeg,eng,Public domain,https://creativecommons.org/licenses/by-sa/4.0/
gib001000050004,https://adrian-gibson.github.io/001/GIB001000050004.jpg,,,"Windsor and Maidenhead: St George's Chapel, Windsor Castle ""West front""",,,,Stone;Religious,Windsor and Maidenhead,51.483664,-0.60679614,"Welsh School of Architecture, Cardiff University",GIB001000050004,Image;StillImage,image/jpeg,eng,Public domain,https://creativecommons.org/licenses/by-sa/4.0/
gib001000050007,https://adrian-gibson.github.io/001/GIB001000050007.jpg,,,"Windsor and Maidenhead: St George's Chapel, Windsor Castle",,,,Stone;Religious,Windsor and Maidenhead,51.483664,-0.60679614,"Welsh School of Architecture, Cardiff University",GIB001000050007,Image;StillImage,image/jpeg,eng,Public domain,https://creativecommons.org/licenses/by-sa/4.0/
gib001000050010,https://adrian-gibson.github.io/001/GIB001000050010.jpg,,,"Windsor and Maidenhead: St George's Chapel, Windsor Castle ""Cloister vault""",,,,Stone;Religious,Windsor and Maidenhead,51.483664,-0.60679614,"Welsh School of Architecture, Cardiff University",GIB001000050010,Image;StillImage,image/jpeg,eng,Public domain,https://creativecommons.org/licenses/by-sa/4.0/
gib001000050012,https://adrian-gibson.github.io/001/GIB001000050012.jpg,,,"Windsor and Maidenhead: St George's Chapel, Windsor Castle ""Vault detail in cloister decorated / perpendicular transition""",,,,Stone;Religious,Windsor and Maidenhead,51.483664,-0.60679614,"Welsh School of Architecture, Cardiff University",GIB001000050012,Image;StillImage,image/jpeg,eng,Public domain,https://creativecommons.org/licenses/by-sa/4.0/
gib001000050013,https://adrian-gibson.github.io/001/GIB001000050013.jpg,,,"Windsor and Maidenhead: St George's Chapel, Windsor Castle ""96D8 Henry III's doorway in ambulatory""",,,,Stone;Religious,Windsor and Maidenhead,51.483664,-0.60679614,"Welsh School of Architecture, Cardiff University",GIB001000050013,Image;StillImage,image/jpeg,eng,Public domain,https://creativecommons.org/licenses/by-sa/4.0/
gib001000050014,https://adrian-gibson.github.io/001/GIB001000050014.jpg,,,"Windsor and Maidenhead: St George's Chapel, Windsor Castle ""Roof lines""",,,,Stone;Religious,Windsor and Maidenhead,51.483664,-0.60679614,"Welsh School of Architecture, Cardiff University",GIB001000050014,Image;StillImage,image/jpeg,eng,Public domain,https://creativecommons.org/licenses/by-sa/4.0/
gib001000050015,https://adrian-gibson.github.io/001/GIB001000050015.jpg,,,"Windsor and Maidenhead: St George's Chapel, Windsor Castle ""West window""",,,,Stone;Religious,Windsor and Maidenhead,51.483664,-0.60679614,"Welsh School of Architecture, Cardiff University",GIB001000050015,Image;StillImage,image/jpeg,eng,Public domain,https://creativecommons.org/licenses/by-sa/4.0/
gib001000050016,https://adrian-gibson.github.io/001/GIB001000050016.jpg,,,"Windsor and Maidenhead: St George's Chapel, Windsor Castle ""Detail of south""",,,,Stone;Religious,Windsor and Maidenhead,51.483664,-0.60679614,"Welsh School of Architecture, Cardiff University",GIB001000050016,Image;StillImage,image/jpeg,eng,Public domain,https://creativecommons.org/licenses/by-sa/4.0/
gib001000051001,https://adrian-gibson.github.io/001/GIB001000051001.jpg,,,"North Yorkshire: Rievaulx Abbey ""From Norman transept choir""",,,,Stone;Religious,North Yorkshire,54.25744,-1.117472492,"Welsh School of Architecture, Cardiff University",GIB001000051001,Image;StillImage,image/jpeg,eng,Public domain,https://creativecommons.org/licenses/by-sa/4.0/
gib001000051002,https://adrian-gibson.github.io/001/GIB001000051002.jpg,,,"North Yorkshire: Rievaulx Abbey ""C13 choir""",,,,Stone;Religious,North Yorkshire,54.25744,-1.117472492,"Welsh School of Architecture, Cardiff University",GIB001000051002,Image;StillImage,image/jpeg,eng,Public domain,https://creativecommons.org/licenses/by-sa/4.0/
gib001000051003,https://adrian-gibson.github.io/001/GIB001000051003.jpg,,,"North Yorkshire: Rievaulx Abbey ""C13 chancel""",,,,Stone;Religious,North Yorkshire,54.25744,-1.117472492,"Welsh School of Architecture, Cardiff University",GIB001000051003,Image;StillImage,image/jpeg,eng,Public domain,https://creativecommons.org/licenses/by-sa/4.0/
gib001000051004,https://adrian-gibson.github.io/001/GIB001000051004.jpg,,,"North Yorkshire: Rievaulx Abbey ""East end""",,,,Stone;Religious,North Yorkshire,54.25744,-1.117472492,"Welsh School of Architecture, Cardiff University",GIB001000051004,Image;StillImage,image/jpeg,eng,Public domain,https://creativecommons.org/licenses/by-sa/4.0/
gib001000051006,https://adrian-gibson.github.io/001/GIB001000051006.jpg,,,"North Yorkshire: Rievaulx Abbey ""Mid C13 shrine""",,,,Stone;Religious,North Yorkshire,54.25744,-1.117472492,"Welsh School of Architecture, Cardiff University",GIB001000051006,Image;StillImage,image/jpeg,eng,Public domain,https://creativecommons.org/licenses/by-sa/4.0/
gib001000051007,https://adrian-gibson.github.io/001/GIB001000051007.jpg,,,"North Yorkshire: Rievaulx Abbey ""Lavatorium""",,,,Stone;Religious,North Yorkshire,54.25744,-1.117472492,"Welsh School of Architecture, Cardiff University",GIB001000051007,Image;StillImage,image/jpeg,eng,Public domain,https://creativecommons.org/licenses/by-sa/4.0/
gib001000052001,https://adrian-gibson.github.io/001/GIB001000052001.jpg,,,"Worcestershire: [Church of St Peter], Besford",,,,Timber frame;Religious,Worcestershire,52.101272,-2.131552195,"Welsh School of Architecture, Cardiff University",GIB001000052001,Image;StillImage,image/jpeg,eng,Public domain,https://creativecommons.org/licenses/by-sa/4.0/
gib001000053001,https://adrian-gibson.github.io/001/GIB001000053001.jpg,,,"Leicestershire: Rothley Temple ""Chapel interior""",,,,Stone;Religious,Leicestershire,52.708425,-1.1342754,"Welsh School of Architecture, Cardiff University",GIB001000053001,Image;StillImage,image/jpeg,eng,Public domain,https://creativecommons.org/licenses/by-sa/4.0/
gib001000053002,https://adrian-gibson.github.io/001/GIB001000053002.jpg,,,"Leicestershire: Rothley Temple ""Door into chapel""",,,,Stone;Religious,Leicestershire,52.708425,-1.1342754,"Welsh School of Architecture, Cardiff University",GIB001000053002,Image;StillImage,image/jpeg,eng,Public domain,https://creativecommons.org/licenses/by-sa/4.0/
gib001000053003,https://adrian-gibson.github.io/001/GIB001000053003.jpg,,,"Leicestershire: Rothley Temple ""Panel 13""",,,,Stone;Religious,Leicestershire,52.708425,-1.1342754,"Welsh School of Architecture, Cardiff University",GIB001000053003,Image;StillImage,image/jpeg,eng,Public domain,https://creativecommons.org/licenses/by-sa/4.0/
gib001000053004,https://adrian-gibson.github.io/001/GIB001000053004.jpg,,,"Leicestershire: Rothley Temple ""Chapel""",,,,Stone;Religious,Leicestershire,52.708425,-1.1342754,"Welsh School of Architecture, Cardiff University",GIB001000053004,Image;StillImage,image/jpeg,eng,Public domain,https://creativecommons.org/licenses/by-sa/4.0/
gib001000053005,https://adrian-gibson.github.io/001/GIB001000053005.jpg,,,"Leicestershire: Rothley Temple ""Entry door from chapel""",,,,Stone;Religious,Leicestershire,52.708425,-1.1342754,"Welsh School of Architecture, Cardiff University",GIB001000053005,Image;StillImage,image/jpeg,eng,Public domain,https://creativecommons.org/licenses/by-sa/4.0/
gib001000053006,https://adrian-gibson.github.io/001/GIB001000053006.jpg,,,"Leicestershire: Rothley Temple ""Chapel""",,,,Stone;Religious,Leicestershire,52.708425,-1.1342754,"Welsh School of Architecture, Cardiff University",GIB001000053006,Image;StillImage,image/jpeg,eng,Public domain,https://creativecommons.org/licenses/by-sa/4.0/
gib001000054001,https://adrian-gibson.github.io/001/GIB001000054001.jpg,,,"Lincolnshire: Lincoln Cathedral ""North side of north tower on west front, Romanesque""",,,,Stone;Religious,Lincolnshire,53.234423,-0.53662665,"Welsh School of Architecture, Cardiff University",GIB001000054001,Image;StillImage,image/jpeg,eng,Public domain,https://creativecommons.org/licenses/by-sa/4.0/
gib001000054002,https://adrian-gibson.github.io/001/GIB001000054002.jpg,,,"Lincolnshire: Lincoln Cathedral ""West Front, Romanesque frieze""",,,,Stone;Religious,Lincolnshire,53.234423,-0.53662665,"Welsh School of Architecture, Cardiff University",GIB001000054002,Image;StillImage,image/jpeg,eng,Public domain,https://creativecommons.org/licenses/by-sa/4.0/
gib001000054004,https://adrian-gibson.github.io/001/GIB001000054004.jpg,,,"Lincolnshire: Lincoln Cathedral ""Flying buttress - chapter house""",,,,Stone;Religious,Lincolnshire,53.234423,-0.53662665,"Welsh School of Architecture, Cardiff University",GIB001000054004,Image;StillImage,image/jpeg,eng,Public domain,https://creativecommons.org/licenses/by-sa/4.0/
gib001000054006,https://adrian-gibson.github.io/001/GIB001000054006.jpg,,,"Lincolnshire: Lincoln Cathedral ""Upper west front 1253""",,,,Stone;Religious,Lincolnshire,53.234423,-0.53662665,"Welsh School of Architecture, Cardiff University",GIB001000054006,Image;StillImage,image/jpeg,eng,Public domain,https://creativecommons.org/licenses/by-sa/4.0/
gib001000054007,https://adrian-gibson.github.io/001/GIB001000054007.jpg,,,"Lincolnshire: Lincoln Cathedral ""West works - 1072-92""",,,,Stone;Religious,Lincolnshire,53.234423,-0.53662665,"Welsh School of Architecture, Cardiff University",GIB001000054007,Image;StillImage,image/jpeg,eng,Public domain,https://creativecommons.org/licenses/by-sa/4.0/
gib001000054009,https://adrian-gibson.github.io/001/GIB001000054009.jpg,,,"Lincolnshire: Lincoln Cathedral ""North east transept west side, centering tie wooden""",,,,Stone;Religious,Lincolnshire,53.234423,-0.53662665,"Welsh School of Architecture, Cardiff University",GIB001000054009,Image;StillImage,image/jpeg,eng,Public domain,https://creativecommons.org/licenses/by-sa/4.0/
gib001000054011,https://adrian-gibson.github.io/001/GIB001000054011.jpg,,,"Lincolnshire: Lincoln Cathedral ""South east transept racking""",,,,Timber frame;Religious,Lincolnshire,53.234423,-0.53662665,"Welsh School of Architecture, Cardiff University",GIB001000054011,Image;StillImage,image/jpeg,eng,Public domain,https://creativecommons.org/licenses/by-sa/4.0/
gib001000054012,https://adrian-gibson.github.io/001/GIB001000054012.jpg,,,"Lincolnshire: Lincoln Cathedral ""South east transept apsidal chapel""",,,,Stone;Religious,Lincolnshire,53.234423,-0.53662665,"Welsh School of Architecture, Cardiff University",GIB001000054012,Image;StillImage,image/jpeg,eng,Public domain,https://creativecommons.org/licenses/by-sa/4.0/
gib001000054013,https://adrian-gibson.github.io/001/GIB001000054013.jpg,,,"Lincolnshire: Lincoln Cathedral ""594B5 tomb of Katherine Swynford""",,,,Stone;Religious,Lincolnshire,53.234423,-0.53662665,"Welsh School of Architecture, Cardiff University",GIB001000054013,Image;StillImage,image/jpeg,eng,Public domain,https://creativecommons.org/licenses/by-sa/4.0/
gib001000054014,https://adrian-gibson.github.io/001/GIB001000054014.jpg,,,"Lincolnshire: Lincoln Cathedral ""South east transept outer bay""",,,,Timber frame;Religious,Lincolnshire,53.234423,-0.53662665,"Welsh School of Architecture, Cardiff University",GIB001000054014,Image;StillImage,image/jpeg,eng,Public domain,https://creativecommons.org/licenses/by-sa/4.0/
gib001000054016,https://adrian-gibson.github.io/001/GIB001000054016.jpg,,,"Lincolnshire: Lincoln Cathedral ""St Hugh's choir aisle, cut off centering beams / ties - wood""",,,,Stone;Plaster;Religious,Lincolnshire,53.234423,-0.53662665,"Welsh School of Architecture, Cardiff University",GIB001000054016,Image;StillImage,image/jpeg,eng,Public domain,https://creativecommons.org/licenses/by-sa/4.0/
gib001000054017,https://adrian-gibson.github.io/001/GIB001000054017.jpg,,,"Lincolnshire: Lincoln Cathedral ""Back of door north east transept to cloister 1220/30 saltire bracing""",,,,Stone;Religious,Lincolnshire,53.234423,-0.53662665,"Welsh School of Architecture, Cardiff University",GIB001000054017,Image;StillImage,image/jpeg,eng,Public domain,https://creativecommons.org/licenses/by-sa/4.0/
gib001000054018,https://adrian-gibson.github.io/001/GIB001000054018.jpg,,,"Lincolnshire: Lincoln Cathedral ""West front Romanesque frieze""",,,,Stone;Religious,Lincolnshire,53.234423,-0.53662665,"Welsh School of Architecture, Cardiff University",GIB001000054018,Image;StillImage,image/jpeg,eng,Public domain,https://creativecommons.org/licenses/by-sa/4.0/
gib001000054019,https://adrian-gibson.github.io/001/GIB001000054019.jpg,,,"Lincolnshire: Lincoln Cathedral ""Nave vault from west end""",,,,Stone;Religious,Lincolnshire,53.234423,-0.53662665,"Welsh School of Architecture, Cardiff University",GIB001000054019,Image;StillImage,image/jpeg,eng,Public domain,https://creativecommons.org/licenses/by-sa/4.0/
gib001000054020,https://adrian-gibson.github.io/001/GIB001000054020.jpg,,,"Lincolnshire: Lincoln Cathedral ""From the west""",,,,Stone;Religious,Lincolnshire,53.234423,-0.53662665,"Welsh School of Architecture, Cardiff University",GIB001000054020,Image;StillImage,image/jpeg,eng,Public domain,https://creativecommons.org/licenses/by-sa/4.0/
gib001000054021,https://adrian-gibson.github.io/001/GIB001000054021.jpg,,,"Lincolnshire: Lincoln Cathedral ""Chapter house 1220-35""",,,,Stone;Religious,Lincolnshire,53.234423,-0.53662665,"Welsh School of Architecture, Cardiff University",GIB001000054021,Image;StillImage,image/jpeg,eng,Public domain,https://creativecommons.org/licenses/by-sa/4.0/
gib001000054022,https://adrian-gibson.github.io/001/GIB001000054022.jpg,,,"Lincolnshire: Lincoln Cathedral ""South east transept east side - sole pieces""",,,,Stone;Timber frame;Religious,Lincolnshire,53.234423,-0.53662665,"Welsh School of Architecture, Cardiff University",GIB001000054022,Image;StillImage,image/jpeg,eng,Public domain,https://creativecommons.org/licenses/by-sa/4.0/
gib001000054023,https://adrian-gibson.github.io/001/GIB001000054023.jpg,,,"Lincolnshire: Lincoln Cathedral ""North east transept west side, 45 degree boarding""",,,,Stone;Religious,Lincolnshire,53.234423,-0.53662665,"Welsh School of Architecture, Cardiff University",GIB001000054023,Image;StillImage,image/jpeg,eng,Public domain,https://creativecommons.org/licenses/by-sa/4.0/
gib001000054024,https://adrian-gibson.github.io/001/GIB001000054024.jpg,,,"Lincolnshire: Lincoln Cathedral ""East crossing from south transept""",,,,Timber frame;Religious,Lincolnshire,53.234423,-0.53662665,"Welsh School of Architecture, Cardiff University",GIB001000054024,Image;StillImage,image/jpeg,eng,Public domain,https://creativecommons.org/licenses/by-sa/4.0/
gib001000054025,https://adrian-gibson.github.io/001/GIB001000054025.jpg,,,"Lincolnshire: Lincoln Cathedral ""Nave roof vault pockets 46 ties""",,,,Timber frame;Religious,Lincolnshire,53.234423,-0.53662665,"Welsh School of Architecture, Cardiff University",GIB001000054025,Image;StillImage,image/jpeg,eng,Public domain,https://creativecommons.org/licenses/by-sa/4.0/
gib001000054026,https://adrian-gibson.github.io/001/GIB001000054026.jpg,,,"Lincolnshire: Lincoln Cathedral ""Roof south east transept""",,,,Timber frame;Religious,Lincolnshire,53.234423,-0.53662665,"Welsh School of Architecture, Cardiff University",GIB001000054026,Image;StillImage,image/jpeg,eng,Public domain,https://creativecommons.org/licenses/by-sa/4.0/
gib001000054027,https://adrian-gibson.github.io/001/GIB001000054027.jpg,,,"Lincolnshire: Lincoln Cathedral ""North east transept apse chapel, cut centering tie beam""",,,,Stone;Plaster;Religious,Lincolnshire,53.234423,-0.53662665,"Welsh School of Architecture, Cardiff University",GIB001000054027,Image;StillImage,image/jpeg,eng,Public domain,https://creativecommons.org/licenses/by-sa/4.0/
gib001000054028,https://adrian-gibson.github.io/001/GIB001000054028.jpg,,,"Lincolnshire: Lincoln Cathedral ""Nave roof from west end""",,,,Timber frame;Religious,Lincolnshire,53.234423,-0.53662665,"Welsh School of Architecture, Cardiff University",GIB001000054028,Image;StillImage,image/jpeg,eng,Public domain,https://creativecommons.org/licenses/by-sa/4.0/
gib001000054029,https://adrian-gibson.github.io/001/GIB001000054029.jpg,,,"Lincolnshire: Lincoln Cathedral ""Angel choir Edward and Eleanor""",,,,Stone;Religious,Lincolnshire,53.234423,-0.53662665,"Welsh School of Architecture, Cardiff University",GIB001000054029,Image;StillImage,image/jpeg,eng,Public domain,https://creativecommons.org/licenses/by-sa/4.0/
gib001000054032,https://adrian-gibson.github.io/001/GIB001000054032.jpg,,,"Lincolnshire: Lincoln Cathedral ""Chapter house""",,,,Stone;Religious,Lincolnshire,53.234423,-0.53662665,"Welsh School of Architecture, Cardiff University",GIB001000054032,Image;StillImage,image/jpeg,eng,Public domain,https://creativecommons.org/licenses/by-sa/4.0/
gib001000054034,https://adrian-gibson.github.io/001/GIB001000054034.jpg,,,"Lincolnshire: Lincoln Cathedral ""St Hugh's choir - aisle, cut off centering beams / ties wood""",,,,Stone;Plaster;Religious,Lincolnshire,53.234423,-0.53662665,"Welsh School of Architecture, Cardiff University",GIB001000054034,Image;StillImage,image/jpeg,eng,Public domain,https://creativecommons.org/licenses/by-sa/4.0/
gib001000054035,https://adrian-gibson.github.io/001/GIB001000054035.jpg,,,"Lincolnshire: Lincoln Cathedral ""Centering tie north east transept / Hugh's choir aisle side""",,,,Stone;Plaster;Religious,Lincolnshire,53.234423,-0.53662665,"Welsh School of Architecture, Cardiff University",GIB001000054035,Image;StillImage,image/jpeg,eng,Public domain,https://creativecommons.org/licenses/by-sa/4.0/
gib001000054036,https://adrian-gibson.github.io/001/GIB001000054036.jpg,,,"Lincolnshire: Lincoln Cathedral ""Tower from south east""",,,,Stone;Religious,Lincolnshire,53.234423,-0.53662665,"Welsh School of Architecture, Cardiff University",GIB001000054036,Image;StillImage,image/jpeg,eng,Public domain,https://creativecommons.org/licenses/by-sa/4.0/
gib001000054038,https://adrian-gibson.github.io/001/GIB001000054038.jpg,,,"Lincolnshire: Lincoln Cathedral ""Angel choir - Edward and Eleanor""",,,,Stone;Religious,Lincolnshire,53.234423,-0.53662665,"Welsh School of Architecture, Cardiff University",GIB001000054038,Image;StillImage,image/jpeg,eng,Public domain,https://creativecommons.org/licenses/by-sa/4.0/
gib001000054040,https://adrian-gibson.github.io/001/GIB001000054040.jpg,,,"Lincolnshire: Lincoln Cathedral ""594B4 Edward I and Eleanor of Castile""",,,,Stone;Religious,Lincolnshire,53.234423,-0.53662665,"Welsh School of Architecture, Cardiff University",GIB001000054040,Image;StillImage,image/jpeg,eng,Public domain,https://creativecommons.org/licenses/by-sa/4.0/
gib001000054041,https://adrian-gibson.github.io/001/GIB001000054041.jpg,,,"Lincolnshire: Lincoln Cathedral ""Nave and west chapel south""",,,,Stone;Religious,Lincolnshire,53.234423,-0.53662665,"Welsh School of Architecture, Cardiff University",GIB001000054041,Image;StillImage,image/jpeg,eng,Public domain,https://creativecommons.org/licenses/by-sa/4.0/
gib001000054042,https://adrian-gibson.github.io/001/GIB001000054042.jpg,,,"Lincolnshire: Lincoln Cathedral ""Tower from south-west 1238-55, and 1307-11""",,,,Stone;Religious,Lincolnshire,53.234423,-0.53662665,"Welsh School of Architecture, Cardiff University",GIB001000054042,Image;StillImage,image/jpeg,eng,Public domain,https://creativecommons.org/licenses/by-sa/4.0/
gib001000054043,https://adrian-gibson.github.io/001/GIB001000054043.jpg,,,"Lincolnshire: Lincoln Cathedral ""Front of door, north east transept, to cloister 1220/30 'C' hinges with curls""",,,,Stone;Religious,Lincolnshire,53.234423,-0.53662665,"Welsh School of Architecture, Cardiff University",GIB001000054043,Image;StillImage,image/jpeg,eng,Public domain,https://creativecommons.org/licenses/by-sa/4.0/
gib001000055001,https://adrian-gibson.github.io/001/GIB001000055001.jpg,,,"Surrey: [St Nicholas' Church], Compton ""Norman guard rail capital leaf""",,,,Religious,Surrey,51.214505,-0.63483623,"Welsh School of Architecture, Cardiff University",GIB001000055001,Image;StillImage,image/jpeg,eng,Public domain,https://creativecommons.org/licenses/by-sa/4.0/
gib001000055002,https://adrian-gibson.github.io/001/GIB001000055002.jpg,,,"Surrey: [St Nicholas' Church], Compton ""From south-west""",,,,Religious,Surrey,51.214505,-0.63483623,"Welsh School of Architecture, Cardiff University",GIB001000055002,Image;StillImage,image/jpeg,eng,Public domain,https://creativecommons.org/licenses/by-sa/4.0/
gib001000055003,https://adrian-gibson.github.io/001/GIB001000055003.jpg,,,"Surrey: [St Nicholas' Church], Compton ""From north side""",,,,Religious,Surrey,51.214505,-0.63483623,"Welsh School of Architecture, Cardiff University",GIB001000055003,Image;StillImage,image/jpeg,eng,Public domain,https://creativecommons.org/licenses/by-sa/4.0/
gib001000055004,https://adrian-gibson.github.io/001/GIB001000055004.jpg,,,"Surrey: [St Nicholas' Church], Compton ""From south-east side - decorated aisle and stairway to upper chancel chapel""",,,,Religious,Surrey,51.214505,-0.63483623,"Welsh School of Architecture, Cardiff University",GIB001000055004,Image;StillImage,image/jpeg,eng,Public domain,https://creativecommons.org/licenses/by-sa/4.0/
gib001000055005,https://adrian-gibson.github.io/001/GIB001000055005.jpg,,,"Surrey: [St Nicholas' Church], Compton ""Interior - upper and lower chancel""",,,,Religious,Surrey,51.214505,-0.63483623,"Welsh School of Architecture, Cardiff University",GIB001000055005,Image;StillImage,image/jpeg,eng,Public domain,https://creativecommons.org/licenses/by-sa/4.0/
gib001000055006,https://adrian-gibson.github.io/001/GIB001000055006.jpg,,,"Surrey: [St Nicholas' Church], Compton ""Chancel with upper and lower floors Norman guard rail""",,,,Religious,Surrey,51.214505,-0.63483623,"Welsh School of Architecture, Cardiff University",GIB001000055006,Image;StillImage,image/jpeg,eng,Public domain,https://creativecommons.org/licenses/by-sa/4.0/
gib001000055007,https://adrian-gibson.github.io/001/GIB001000055007.jpg,,,"Surrey: [St Nicholas' Church], Compton ""Capitals of handrail""",,,,Religious,Surrey,51.214505,-0.63483623,"Welsh School of Architecture, Cardiff University",GIB001000055007,Image;StillImage,image/jpeg,eng,Public domain,https://creativecommons.org/licenses/by-sa/4.0/
gib001000055008,https://adrian-gibson.github.io/001/GIB001000055008.jpg,,,"Surrey: [St Nicholas' Church], Compton ""Nave - chancel""",,,,Religious,Surrey,51.214505,-0.63483623,"Welsh School of Architecture, Cardiff University",GIB001000055008,Image;StillImage,image/jpeg,eng,Public domain,https://creativecommons.org/licenses/by-sa/4.0/
gib001000055009,https://adrian-gibson.github.io/001/GIB001000055009.jpg,,,"Surrey: [St Nicholas' Church], Compton ""Norman guard rail - capital crocket""",,,,Religious,Surrey,51.214505,-0.63483623,"Welsh School of Architecture, Cardiff University",GIB001000055009,Image;StillImage,image/jpeg,eng,Public domain,https://creativecommons.org/licenses/by-sa/4.0/
gib001000055010,https://adrian-gibson.github.io/001/GIB001000055010.jpg,,,"Surrey: [St Nicholas' Church], Compton ""Capital Norman rail""",,,,Religious,Surrey,51.214505,-0.63483623,"Welsh School of Architecture, Cardiff University",GIB001000055010,Image;StillImage,image/jpeg,eng,Public domain,https://creativecommons.org/licenses/by-sa/4.0/
gib001000055011,https://adrian-gibson.github.io/001/GIB001000055011.jpg,,,"Surrey: [St Nicholas' Church], Compton ""Tower with timber shingled broach spire""",,,,Religious,Surrey,51.214505,-0.63483623,"Welsh School of Architecture, Cardiff University",GIB001000055011,Image;StillImage,image/jpeg,eng,Public domain,https://creativecommons.org/licenses/by-sa/4.0/
gib001000056001,https://adrian-gibson.github.io/001/GIB001000056001.jpg,,,"Powys: [St Cynog's Church], Defynnog",,,,Religious,Powys,51.939606,-3.564777744,"Welsh School of Architecture, Cardiff University",GIB001000056001,Image;StillImage,image/jpeg,eng,Public domain,https://creativecommons.org/licenses/by-sa/4.0/
gib001000056002,https://adrian-gibson.github.io/001/GIB001000056002.jpg,,,"Powys: [St Cynog's Church], Defynnog ""Window, Celtic church""",,,,Religious,Powys,51.939606,-3.564777744,"Welsh School of Architecture, Cardiff University",GIB001000056002,Image;StillImage,image/jpeg,eng,Public domain,https://creativecommons.org/licenses/by-sa/4.0/
gib001000056003,https://adrian-gibson.github.io/001/GIB001000056003.jpg,,,"Powys: [St Cynog's Church], Defynnog ""C5/6 stone, Rugniatio [F1] Li Vedoni""",,,,Religious,Powys,51.939606,-3.564777744,"Welsh School of Architecture, Cardiff University",GIB001000056003,Image;StillImage,image/jpeg,eng,Public domain,https://creativecommons.org/licenses/by-sa/4.0/
gib001000057001,https://adrian-gibson.github.io/001/GIB001000057001.jpg,,,France: Notre Dame,,,,Religious,France,48.853115,2.350017548,"Welsh School of Architecture, Cardiff University",GIB001000057001,Image;StillImage,image/jpeg,eng,Public domain,https://creativecommons.org/licenses/by-sa/4.0/
gib001000058001,https://adrian-gibson.github.io/001/GIB001000058001.jpg,,,"North Yorkshire: [St Gregory's Minster], Kirkdale ""Sundial""",,,,Religious,North Yorkshire,54.339469,-0.91964361,"Welsh School of Architecture, Cardiff University",GIB001000058001,Image;StillImage,image/jpeg,eng,Public domain,https://creativecommons.org/licenses/by-sa/4.0/
gib001000058002,https://adrian-gibson.github.io/001/GIB001000058002.jpg,,,"North Yorkshire: [St Gregory's Minster], Kirkdale ""Cross in tower wall""",,,,Religious,North Yorkshire,54.339469,-0.91964361,"Welsh School of Architecture, Cardiff University",GIB001000058002,Image;StillImage,image/jpeg,eng,Public domain,https://creativecommons.org/licenses/by-sa/4.0/
gib001000058003,https://adrian-gibson.github.io/001/GIB001000058003.jpg,,,"North Yorkshire: [St Gregory's Minster], Kirkdale",,,,Religious,North Yorkshire,54.339469,-0.91964361,"Welsh School of Architecture, Cardiff University",GIB001000058003,Image;StillImage,image/jpeg,eng,Public domain,https://creativecommons.org/licenses/by-sa/4.0/
gib001000058004,https://adrian-gibson.github.io/001/GIB001000058004.jpg,,,"North Yorkshire: [St Gregory's Minster], Kirkdale ""Tower arch""",,,,Religious,North Yorkshire,54.339469,-0.91964361,"Welsh School of Architecture, Cardiff University",GIB001000058004,Image;StillImage,image/jpeg,eng,Public domain,https://creativecommons.org/licenses/by-sa/4.0/
gib001000059001,https://adrian-gibson.github.io/001/GIB001000059001.jpg,,,"Herefordshire: [All Saints' Church], Brockhampton ""Lethaby""",,,,Religious,Herefordshire,51.986408,-2.592423748,"Welsh School of Architecture, Cardiff University",GIB001000059001,Image;StillImage,image/jpeg,eng,Public domain,https://creativecommons.org/licenses/by-sa/4.0/
gib001000059002,https://adrian-gibson.github.io/001/GIB001000059002.jpg,,,"Herefordshire: [All Saints' Church], Brockhampton ""Lethaby""",,,,Religious,Herefordshire,51.986408,-2.592423748,"Welsh School of Architecture, Cardiff University",GIB001000059002,Image;StillImage,image/jpeg,eng,Public domain,https://creativecommons.org/licenses/by-sa/4.0/
gib001000059003,https://adrian-gibson.github.io/001/GIB001000059003.jpg,,,"Herefordshire: [All Saints' Church], Brockhampton ""Lethaby""",,,,Religious,Herefordshire,51.986408,-2.592423748,"Welsh School of Architecture, Cardiff University",GIB001000059003,Image;StillImage,image/jpeg,eng,Public domain,https://creativecommons.org/licenses/by-sa/4.0/
gib001000059004,https://adrian-gibson.github.io/001/GIB001000059004.jpg,,,"Herefordshire: [All Saints' Church], Brockhampton ""Lethaby""",,,,Religious,Herefordshire,51.986408,-2.592423748,"Welsh School of Architecture, Cardiff University",GIB001000059004,Image;StillImage,image/jpeg,eng,Public domain,https://creativecommons.org/licenses/by-sa/4.0/
gib001000059005,https://adrian-gibson.github.io/001/GIB001000059005.jpg,,,"Herefordshire: [All Saints' Church], Brockhampton ""Lethaby""",,,,Religious,Herefordshire,51.986408,-2.592423748,"Welsh School of Architecture, Cardiff University",GIB001000059005,Image;StillImage,image/jpeg,eng,Public domain,https://creativecommons.org/licenses/by-sa/4.0/
gib001000059006,https://adrian-gibson.github.io/001/GIB001000059006.jpg,,,"Herefordshire: [All Saints' Church], Brockhampton ""Lethaby""",,,,Religious,Herefordshire,51.986408,-2.592423748,"Welsh School of Architecture, Cardiff University",GIB001000059006,Image;StillImage,image/jpeg,eng,Public domain,https://creativecommons.org/licenses/by-sa/4.0/
gib001000060001,https://adrian-gibson.github.io/001/GIB001000060001.jpg,,,"Nottinghamshire: [St Mary Magdalene], Newark-on-Trent ""West front detail""",,,,Religious,Nottinghamshire,53.076817,-0.808170969,"Welsh School of Architecture, Cardiff University",GIB001000060001,Image;StillImage,image/jpeg,eng,Public domain,https://creativecommons.org/licenses/by-sa/4.0/
gib001000060002,https://adrian-gibson.github.io/001/GIB001000060002.jpg,,,"Nottinghamshire: [St Mary Magdalene], Newark-on-Trent ""Early English mouldings with dog tooth""",,,,Religious,Nottinghamshire,53.076817,-0.808170969,"Welsh School of Architecture, Cardiff University",GIB001000060002,Image;StillImage,image/jpeg,eng,Public domain,https://creativecommons.org/licenses/by-sa/4.0/
gib001000060003,https://adrian-gibson.github.io/001/GIB001000060003.jpg,,,"Nottinghamshire: [St Mary Magdalene], Newark-on-Trent ""West front Early English""",,,,Religious,Nottinghamshire,53.076817,-0.808170969,"Welsh School of Architecture, Cardiff University",GIB001000060003,Image;StillImage,image/jpeg,eng,Public domain,https://creativecommons.org/licenses/by-sa/4.0/
gib001000060004,https://adrian-gibson.github.io/001/GIB001000060004.jpg,,,"Nottinghamshire: [St Mary Magdalene], Newark-on-Trent ""West front""",,,,Religious,Nottinghamshire,53.076817,-0.808170969,"Welsh School of Architecture, Cardiff University",GIB001000060004,Image;StillImage,image/jpeg,eng,Public domain,https://creativecommons.org/licenses/by-sa/4.0/
gib001000061001,https://adrian-gibson.github.io/001/GIB001000061001.jpg,,,Monmouthshire: [Llanthony Priory],,,,Religious,Monmouthshire,51.944815,-3.036169268,"Welsh School of Architecture, Cardiff University",GIB001000061001,Image;StillImage,image/jpeg,eng,Public domain,https://creativecommons.org/licenses/by-sa/4.0/
gib001000061002,https://adrian-gibson.github.io/001/GIB001000061002.jpg,,,"Monmouthshire: [St David's Church], Llanthony",,,,Religious,Monmouthshire,"51.94451988976372,",-3.036670661,"Welsh School of Architecture, Cardiff University",GIB001000061002,Image;StillImage,image/jpeg,eng,Public domain,https://creativecommons.org/licenses/by-sa/4.0/
gib001000061003,https://adrian-gibson.github.io/001/GIB001000061003.jpg,,,"Monmouthshire: [St David's Church], Llanthony ""Roof western style""",,,,Religious,Monmouthshire,"51.94451988976372,",-3.036670661,"Welsh School of Architecture, Cardiff University",GIB001000061003,Image;StillImage,image/jpeg,eng,Public domain,https://creativecommons.org/licenses/by-sa/4.0/
gib001000062001,https://adrian-gibson.github.io/001/GIB001000062001.jpg,,,"Gloucestershire: [St Peter's Church], Winchcombe ""South door""",,,,Religious,Gloucestershire,51.952608,-1.967966959,"Welsh School of Architecture, Cardiff University",GIB001000062001,Image;StillImage,image/jpeg,eng,Public domain,https://creativecommons.org/licenses/by-sa/4.0/
gib001000062002,https://adrian-gibson.github.io/001/GIB001000062002.jpg,,,"Gloucestershire: [St Peter's Church], Winchcombe ""Gargoyle - Tommy Trinder""",,,,Religious,Gloucestershire,51.952608,-1.967966959,"Welsh School of Architecture, Cardiff University",GIB001000062002,Image;StillImage,image/jpeg,eng,Public domain,https://creativecommons.org/licenses/by-sa/4.0/
gib001000062003,https://adrian-gibson.github.io/001/GIB001000062003.jpg,,,"Gloucestershire: [St Peter's Church], Winchcombe ""Martyrium? Kenelm""",,,,Religious,Gloucestershire,51.952608,-1.967966959,"Welsh School of Architecture, Cardiff University",GIB001000062003,Image;StillImage,image/jpeg,eng,Public domain,https://creativecommons.org/licenses/by-sa/4.0/
gib001000062004,https://adrian-gibson.github.io/001/GIB001000062004.jpg,,,"Gloucestershire: [St Peter's Church], Winchcombe ""Gargoyle - Tudor hat""",,,,Religious,Gloucestershire,51.952608,-1.967966959,"Welsh School of Architecture, Cardiff University",GIB001000062004,Image;StillImage,image/jpeg,eng,Public domain,https://creativecommons.org/licenses/by-sa/4.0/
gib001000062005,https://adrian-gibson.github.io/001/GIB001000062005.jpg,,,"Gloucestershire: [St Peter's Church], Winchcombe ""South door""",,,,Religious,Gloucestershire,51.952608,-1.967966959,"Welsh School of Architecture, Cardiff University",GIB001000062005,Image;StillImage,image/jpeg,eng,Public domain,https://creativecommons.org/licenses/by-sa/4.0/
gib001000062006,https://adrian-gibson.github.io/001/GIB001000062006.jpg,,,"Gloucestershire: [St Peter's Church], Winchcombe ""West door, masons' marks""",,,,Religious,Gloucestershire,51.952608,-1.967966959,"Welsh School of Architecture, Cardiff University",GIB001000062006,Image;StillImage,image/jpeg,eng,Public domain,https://creativecommons.org/licenses/by-sa/4.0/
gib001000062007,https://adrian-gibson.github.io/001/GIB001000062007.jpg,,,"Gloucestershire: [St Peter's Church], Winchcombe ""West door, masons' marks""",,,,Religious,Gloucestershire,51.952608,-1.967966959,"Welsh School of Architecture, Cardiff University",GIB001000062007,Image;StillImage,image/jpeg,eng,Public domain,https://creativecommons.org/licenses/by-sa/4.0/
gib001000062008,https://adrian-gibson.github.io/001/GIB001000062008.jpg,,,"Gloucestershire: [St Peter's Church], Winchcombe ""Gargoyle""",,,,Religious,Gloucestershire,51.952608,-1.967966959,"Welsh School of Architecture, Cardiff University",GIB001000062008,Image;StillImage,image/jpeg,eng,Public domain,https://creativecommons.org/licenses/by-sa/4.0/
gib001000062009,https://adrian-gibson.github.io/001/GIB001000062009.jpg,,,"Gloucestershire: [St Peter's Church], Winchcombe ""South porch""",,,,Religious,Gloucestershire,51.952608,-1.967966959,"Welsh School of Architecture, Cardiff University",GIB001000062009,Image;StillImage,image/jpeg,eng,Public domain,https://creativecommons.org/licenses/by-sa/4.0/
gib001000062010,https://adrian-gibson.github.io/001/GIB001000062010.jpg,,,"Gloucestershire: [St Peter's Church], Winchcombe ""South door arrows""",,,,Religious,Gloucestershire,51.952608,-1.967966959,"Welsh School of Architecture, Cardiff University",GIB001000062010,Image;StillImage,image/jpeg,eng,Public domain,https://creativecommons.org/licenses/by-sa/4.0/
gib001000062011,https://adrian-gibson.github.io/001/GIB001000062011.jpg,,,"Gloucestershire: [St Peter's Church], Winchcombe",,,,Religious,Gloucestershire,51.952608,-1.967966959,"Welsh School of Architecture, Cardiff University",GIB001000062011,Image;StillImage,image/jpeg,eng,Public domain,https://creativecommons.org/licenses/by-sa/4.0/
gib001000063001,https://adrian-gibson.github.io/001/GIB001000063001.jpg,,,"Suffolk: [Holy Trinity Church], Long Melford ""Lady Chapel roof""",,,,Religious,Suffolk,52.089934,0.721618818,"Welsh School of Architecture, Cardiff University",GIB001000063001,Image;StillImage,image/jpeg,eng,Public domain,https://creativecommons.org/licenses/by-sa/4.0/
gib001000063002,https://adrian-gibson.github.io/001/GIB001000063002.jpg,,,"Suffolk: [Holy Trinity Church], Long Melford",,,,Religious,Suffolk,52.08993392,0.721618818,"Welsh School of Architecture, Cardiff University",GIB001000063002,Image;StillImage,image/jpeg,eng,Public domain,https://creativecommons.org/licenses/by-sa/4.0/
gib001000063003,https://adrian-gibson.github.io/001/GIB001000063003.jpg,,,"Suffolk: [Holy Trinity Church], Long Melford",,,,Religious,Suffolk,52.08993392,0.721618818,"Welsh School of Architecture, Cardiff University",GIB001000063003,Image;StillImage,image/jpeg,eng,Public domain,https://creativecommons.org/licenses/by-sa/4.0/
gib001000063004,https://adrian-gibson.github.io/001/GIB001000063004.jpg,,,"Suffolk: [Holy Trinity Church], Long Melford ""15th century""",,,,Religious,Suffolk,52.08993392,0.721618818,"Welsh School of Architecture, Cardiff University",GIB001000063004,Image;StillImage,image/jpeg,eng,Public domain,https://creativecommons.org/licenses/by-sa/4.0/
gib001000063005,https://adrian-gibson.github.io/001/GIB001000063005.jpg,,,"Suffolk: [Holy Trinity Church], Long Melford",,,,Religious,Suffolk,52.089934,0.721618818,"Welsh School of Architecture, Cardiff University",GIB001000063005,Image;StillImage,image/jpeg,eng,Public domain,https://creativecommons.org/licenses/by-sa/4.0/
gib001000063006,https://adrian-gibson.github.io/001/GIB001000063006.jpg,,,"Suffolk: [Holy Trinity Church], Long Melford ""Glass, Ann Denston wife of Sir J. Broughton, John Denston, Dorothy (Clopton) wife of Thom Curson""",,,,Religious,Suffolk,52.089934,0.721618818,"Welsh School of Architecture, Cardiff University",GIB001000063006,Image;StillImage,image/jpeg,eng,Public domain,https://creativecommons.org/licenses/by-sa/4.0/
gib001000063007,https://adrian-gibson.github.io/001/GIB001000063007.jpg,,,"Suffolk: [Holy Trinity Church], Long Melford",,,,Religious,Suffolk,52.089934,0.721618818,"Welsh School of Architecture, Cardiff University",GIB001000063007,Image;StillImage,image/jpeg,eng,Public domain,https://creativecommons.org/licenses/by-sa/4.0/
gib001000063008,https://adrian-gibson.github.io/001/GIB001000063008.jpg,,,"Suffolk: [Holy Trinity Church], Long Melford ""Lady Chapel roof""",,,,Religious,Suffolk,52.089934,0.721618818,"Welsh School of Architecture, Cardiff University",GIB001000063008,Image;StillImage,image/jpeg,eng,Public domain,https://creativecommons.org/licenses/by-sa/4.0/
gib001000063009,https://adrian-gibson.github.io/001/GIB001000063009.jpg,,,"Suffolk: [Holy Trinity Church], Long Melford ""Medieval glass C15""",,,,Religious,Suffolk,52.089934,0.721618818,"Welsh School of Architecture, Cardiff University",GIB001000063009,Image;StillImage,image/jpeg,eng,Public domain,https://creativecommons.org/licenses/by-sa/4.0/
gib001000063010,https://adrian-gibson.github.io/001/GIB001000063010.jpg,,,"Suffolk: [Holy Trinity Church], Long Melford ""Inscription, souls of Will Clopton""",,,,Religious,Suffolk,52.089934,0.721618818,"Welsh School of Architecture, Cardiff University",GIB001000063010,Image;StillImage,image/jpeg,eng,Public domain,https://creativecommons.org/licenses/by-sa/4.0/
gib001000063011,https://adrian-gibson.github.io/001/GIB001000063011.jpg,,,"Suffolk: [Holy Trinity Church], Long Melford ""North side""",,,,Religious,Suffolk,52.089934,0.721618818,"Welsh School of Architecture, Cardiff University",GIB001000063011,Image;StillImage,image/jpeg,eng,Public domain,https://creativecommons.org/licenses/by-sa/4.0/
gib001000063012,https://adrian-gibson.github.io/001/GIB001000063012.jpg,,,"Suffolk: [Holy Trinity Church], Long Melford",,,,Religious,Suffolk,52.089934,0.721618818,"Welsh School of Architecture, Cardiff University",GIB001000063012,Image;StillImage,image/jpeg,eng,Public domain,https://creativecommons.org/licenses/by-sa/4.0/
gib001000063013,https://adrian-gibson.github.io/001/GIB001000063013.jpg,,,"Suffolk: [Holy Trinity Church], Long Melford ""Lady Chapel""",,,,Religious,Suffolk,52.089934,0.721618818,"Welsh School of Architecture, Cardiff University",GIB001000063013,Image;StillImage,image/jpeg,eng,Public domain,https://creativecommons.org/licenses/by-sa/4.0/
gib001000064001,https://adrian-gibson.github.io/001/GIB001000064001.jpg,,,"Lincolnshire: [St Botolph's church], ""Boston""",,,,Religious,Lincolnshire,52.978588,-0.02537981,"Welsh School of Architecture, Cardiff University",GIB001000064001,Image;StillImage,image/jpeg,eng,Public domain,https://creativecommons.org/licenses/by-sa/4.0/
gib001000064002,https://adrian-gibson.github.io/001/GIB001000064002.jpg,,,"Lincolnshire: [St Botolph's church], ""Boston""",,,,Religious,Lincolnshire,52.978588,-0.02537981,"Welsh School of Architecture, Cardiff University",GIB001000064002,Image;StillImage,image/jpeg,eng,Public domain,https://creativecommons.org/licenses/by-sa/4.0/
gib001000064003,https://adrian-gibson.github.io/001/GIB001000064003.jpg,,,"Lincolnshire: [St Botolph's church], ""Boston""",,,,Religious,Lincolnshire,52.978588,-0.02537981,"Welsh School of Architecture, Cardiff University",GIB001000064003,Image;StillImage,image/jpeg,eng,Public domain,https://creativecommons.org/licenses/by-sa/4.0/
gib001000064004,https://adrian-gibson.github.io/001/GIB001000064004.jpg,,,"Lincolnshire: [St Botolph's church], ""Boston""",,,,Religious,Lincolnshire,52.978588,-0.02537981,"Welsh School of Architecture, Cardiff University",GIB001000064004,Image;StillImage,image/jpeg,eng,Public domain,https://creativecommons.org/licenses/by-sa/4.0/
gib001000064005,https://adrian-gibson.github.io/001/GIB001000064005.jpg,,,"Lincolnshire: [St Botolph's church], ""Boston""",,,,Religious,Lincolnshire,52.978588,-0.02537981,"Welsh School of Architecture, Cardiff University",GIB001000064005,Image;StillImage,image/jpeg,eng,Public domain,https://creativecommons.org/licenses/by-sa/4.0/
gib001000064006,https://adrian-gibson.github.io/001/GIB001000064006.jpg,,,"Lincolnshire: [St Botolph's church], ""Boston""",,,,Religious,Lincolnshire,52.978588,-0.02537981,"Welsh School of Architecture, Cardiff University",GIB001000064006,Image;StillImage,image/jpeg,eng,Public domain,https://creativecommons.org/licenses/by-sa/4.0/
gib001000064007,https://adrian-gibson.github.io/001/GIB001000064007.jpg,,,"Lincolnshire: [St Botolph's church], ""Boston""",,,,Religious,Lincolnshire,52.978588,-0.02537981,"Welsh School of Architecture, Cardiff University",GIB001000064007,Image;StillImage,image/jpeg,eng,Public domain,https://creativecommons.org/licenses/by-sa/4.0/
gib001000064008,https://adrian-gibson.github.io/001/GIB001000064008.jpg,,,"Lincolnshire: [St Botolph's church], ""Boston""",,,,Religious,Lincolnshire,52.978588,-0.02537981,"Welsh School of Architecture, Cardiff University",GIB001000064008,Image;StillImage,image/jpeg,eng,Public domain,https://creativecommons.org/licenses/by-sa/4.0/
gib001000064009,https://adrian-gibson.github.io/001/GIB001000064009.jpg,,,"Lincolnshire: [St Botolph's church], ""Boston""",,,,Religious,Lincolnshire,52.978588,-0.02537981,"Welsh School of Architecture, Cardiff University",GIB001000064009,Image;StillImage,image/jpeg,eng,Public domain,https://creativecommons.org/licenses/by-sa/4.0/
gib001000064010,https://adrian-gibson.github.io/001/GIB001000064010.jpg,,,"Lincolnshire: [St Botolph's church], ""Boston""",,,,Religious,Lincolnshire,52.978588,-0.02537981,"Welsh School of Architecture, Cardiff University",GIB001000064010,Image;StillImage,image/jpeg,eng,Public domain,https://creativecommons.org/licenses/by-sa/4.0/
gib001000064011,https://adrian-gibson.github.io/001/GIB001000064011.jpg,,,"Lincolnshire: [St Botolph's church], ""Boston""",,,,Religious,Lincolnshire,52.978588,-0.02537981,"Welsh School of Architecture, Cardiff University",GIB001000064011,Image;StillImage,image/jpeg,eng,Public domain,https://creativecommons.org/licenses/by-sa/4.0/
gib001000064012,https://adrian-gibson.github.io/001/GIB001000064012.jpg,,,"Lincolnshire: [St Botolph's church], ""Boston""",,,,Religious,Lincolnshire,52.978588,-0.02537981,"Welsh School of Architecture, Cardiff University",GIB001000064012,Image;StillImage,image/jpeg,eng,Public domain,https://creativecommons.org/licenses/by-sa/4.0/
gib001000064013,https://adrian-gibson.github.io/001/GIB001000064013.jpg,,,"Lincolnshire: [St Botolph's church], ""Boston""",,,,Religious,Lincolnshire,52.978588,-0.02537981,"Welsh School of Architecture, Cardiff University",GIB001000064013,Image;StillImage,image/jpeg,eng,Public domain,https://creativecommons.org/licenses/by-sa/4.0/
gib001000064014,https://adrian-gibson.github.io/001/GIB001000064014.jpg,,,"Lincolnshire: [St Botolph's church], ""Boston""",,,,Religious,Lincolnshire,52.978588,-0.02537981,"Welsh School of Architecture, Cardiff University",GIB001000064014,Image;StillImage,image/jpeg,eng,Public domain,https://creativecommons.org/licenses/by-sa/4.0/
gib001000064015,https://adrian-gibson.github.io/001/GIB001000064015.jpg,,,"Lincolnshire: [St Botolph's church], ""Boston""",,,,Religious,Lincolnshire,52.978588,-0.02537981,"Welsh School of Architecture, Cardiff University",GIB001000064015,Image;StillImage,image/jpeg,eng,Public domain,https://creativecommons.org/licenses/by-sa/4.0/
gib001000065001,https://adrian-gibson.github.io/001/GIB001000065001.jpg,,,"Suffolk: [Dunwich Leper Chapel], ""Lazar Chapel""",,,,Religious,Suffolk,52.277913,1.626476256,"Welsh School of Architecture, Cardiff University",GIB001000065001,Image;StillImage,image/jpeg,eng,Public domain,https://creativecommons.org/licenses/by-sa/4.0/
gib001000065002,https://adrian-gibson.github.io/001/GIB001000065002.jpg,,,"Cambridgeshire: [Leper Chapel of Saint Mary Magdalene] ""Norman Leper Chapel Camb St Mary Mag Stourbridge""",,,,Religious,Cambridgeshire,52.213906,0.15257899,"Welsh School of Architecture, Cardiff University",GIB001000065002,Image;StillImage,image/jpeg,eng,Public domain,https://creativecommons.org/licenses/by-sa/4.0/
gib001000065003,https://adrian-gibson.github.io/001/GIB001000065003.jpg,,,"Cambridgeshire: [Leper Chapel of Saint Mary Magdalene] ""Camb Leper Chapel window""",,,,Religious,Cambridgeshire,52.213906,0.15257899,"Welsh School of Architecture, Cardiff University",GIB001000065003,Image;StillImage,image/jpeg,eng,Public domain,https://creativecommons.org/licenses/by-sa/4.0/
gib001000066001,https://adrian-gibson.github.io/001/GIB001000066001.jpg,,,"Gloucestershire: [St Gregory's Church], Tredington ""North door""",,,,Religious,Gloucestershire,52.090074,-1.6232899,"Welsh School of Architecture, Cardiff University",GIB001000066001,Image;StillImage,image/jpeg,eng,Public domain,https://creativecommons.org/licenses/by-sa/4.0/
gib001000066002,https://adrian-gibson.github.io/001/GIB001000066002.jpg,,,"Gloucestershire: [St Gregory's Church], Tredington ""North door""",,,,Religious,Gloucestershire,52.090074,-1.6232899,"Welsh School of Architecture, Cardiff University",GIB001000066002,Image;StillImage,image/jpeg,eng,Public domain,https://creativecommons.org/licenses/by-sa/4.0/
gib001000066003,https://adrian-gibson.github.io/001/GIB001000066003.jpg,,,"Gloucestershire: [St Gregory's Church], Tredington",,,,Religious,Gloucestershire,52.090074,-1.6232899,"Welsh School of Architecture, Cardiff University",GIB001000066003,Image;StillImage,image/jpeg,eng,Public domain,https://creativecommons.org/licenses/by-sa/4.0/
gib001000066004,https://adrian-gibson.github.io/001/GIB001000066004.jpg,,,"Gloucestershire: [St Gregory's Church], Tredington ""Door front""",,,,Religious,Gloucestershire,52.090074,-1.6232899,"Welsh School of Architecture, Cardiff University",GIB001000066004,Image;StillImage,image/jpeg,eng,Public domain,https://creativecommons.org/licenses/by-sa/4.0/
gib001000066005,https://adrian-gibson.github.io/001/GIB001000066005.jpg,,,"Gloucestershire: [St Gregory's Church], Tredington ""Door rear""",,,,Religious,Gloucestershire,52.090074,-1.6232899,"Welsh School of Architecture, Cardiff University",GIB001000066005,Image;StillImage,image/jpeg,eng,Public domain,https://creativecommons.org/licenses/by-sa/4.0/
gib001000066006,https://adrian-gibson.github.io/001/GIB001000066006.jpg,,,"Gloucestershire: [St Gregory's Church], Tredington ""Rear of door""",,,,Religious,Gloucestershire,52.090074,-1.6232899,"Welsh School of Architecture, Cardiff University",GIB001000066006,Image;StillImage,image/jpeg,eng,Public domain,https://creativecommons.org/licenses/by-sa/4.0/
gib001000066007,https://adrian-gibson.github.io/001/GIB001000066007.jpg,,,"Gloucestershire: [St Gregory's Church], Tredington",,,,Religious,Gloucestershire,52.090074,-1.6232899,"Welsh School of Architecture, Cardiff University",GIB001000066007,Image;StillImage,image/jpeg,eng,Public domain,https://creativecommons.org/licenses/by-sa/4.0/
gib001000066008,https://adrian-gibson.github.io/001/GIB001000066008.jpg,,,"Gloucestershire: [St Gregory's Church], Tredington ""Door rear""",,,,Religious,Gloucestershire,52.090074,-1.6232899,"Welsh School of Architecture, Cardiff University",GIB001000066008,Image;StillImage,image/jpeg,eng,Public domain,https://creativecommons.org/licenses/by-sa/4.0/
gib001000066009,https://adrian-gibson.github.io/001/GIB001000066009.jpg,,,"Gloucestershire: [St Gregory's Church], Tredington ""Door rear""",,,,Religious,Gloucestershire,52.090074,-1.6232899,"Welsh School of Architecture, Cardiff University",GIB001000066009,Image;StillImage,image/jpeg,eng,Public domain,https://creativecommons.org/licenses/by-sa/4.0/
gib001000066010,https://adrian-gibson.github.io/001/GIB001000066010.jpg,,,"Gloucestershire: [St Gregory's Church], Tredington ""Door front""",,,,Religious,Gloucestershire,52.090074,-1.6232899,"Welsh School of Architecture, Cardiff University",GIB001000066010,Image;StillImage,image/jpeg,eng,Public domain,https://creativecommons.org/licenses/by-sa/4.0/
gib001000066011,https://adrian-gibson.github.io/001/GIB001000066011.jpg,,,"Gloucestershire: [St Gregory's Church], Tredington ""Door front""",,,,Religious,Gloucestershire,52.090074,-1.6232899,"Welsh School of Architecture, Cardiff University",GIB001000066011,Image;StillImage,image/jpeg,eng,Public domain,https://creativecommons.org/licenses/by-sa/4.0/
gib001000067001,https://adrian-gibson.github.io/001/GIB001000067001.jpg,,,Denbighshire: [Valle Crucis Abbey],,,,Religious,Denbighshire,52.988689,-3.1867857,"Welsh School of Architecture, Cardiff University",GIB001000067001,Image;StillImage,image/jpeg,eng,Public domain,https://creativecommons.org/licenses/by-sa/4.0/
gib001000067002,https://adrian-gibson.github.io/001/GIB001000067002.jpg,,,Denbighshire: [Valle Crucis Abbey],,,,Religious,Denbighshire,52.988689,-3.1867857,"Welsh School of Architecture, Cardiff University",GIB001000067002,Image;StillImage,image/jpeg,eng,Public domain,https://creativecommons.org/licenses/by-sa/4.0/
gib001000067003,https://adrian-gibson.github.io/001/GIB001000067003.jpg,,,Denbighshire: [Valle Crucis Abbey],,,,Religious,Denbighshire,52.988689,-3.1867857,"Welsh School of Architecture, Cardiff University",GIB001000067003,Image;StillImage,image/jpeg,eng,Public domain,https://creativecommons.org/licenses/by-sa/4.0/
gib001000067004,https://adrian-gibson.github.io/001/GIB001000067004.jpg,,,Denbighshire: [Valle Crucis Abbey],,,,Religious,Denbighshire,52.988689,-3.1867857,"Welsh School of Architecture, Cardiff University",GIB001000067004,Image;StillImage,image/jpeg,eng,Public domain,https://creativecommons.org/licenses/by-sa/4.0/
gib001000067005,https://adrian-gibson.github.io/001/GIB001000067005.jpg,,,"Denbighshire: [Valle Crucis Abbey]""West front""",,,,Religious,Denbighshire,52.988689,-3.1867857,"Welsh School of Architecture, Cardiff University",GIB001000067005,Image;StillImage,image/jpeg,eng,Public domain,https://creativecommons.org/licenses/by-sa/4.0/
gib001000067006,https://adrian-gibson.github.io/001/GIB001000067006.jpg,,,"Denbighshire: [Valle Crucis Abbey]""Choir interior""",,,,Religious,Denbighshire,52.988689,-3.1867857,"Welsh School of Architecture, Cardiff University",GIB001000067006,Image;StillImage,image/jpeg,eng,Public domain,https://creativecommons.org/licenses/by-sa/4.0/
gib001000067007,https://adrian-gibson.github.io/001/GIB001000067007.jpg,,,Denbighshire: [Valle Crucis Abbey],,,,Religious,Denbighshire,52.988689,-3.1867857,"Welsh School of Architecture, Cardiff University",GIB001000067007,Image;StillImage,image/jpeg,eng,Public domain,https://creativecommons.org/licenses/by-sa/4.0/
gib001000067008,https://adrian-gibson.github.io/001/GIB001000067008.jpg,,,"Denbighshire: [Valle Crucis Abbey]""West end""",,,,Religious,Denbighshire,52.988689,-3.1867857,"Welsh School of Architecture, Cardiff University",GIB001000067008,Image;StillImage,image/jpeg,eng,Public domain,https://creativecommons.org/licenses/by-sa/4.0/
gib001000067009,https://adrian-gibson.github.io/001/GIB001000067009.jpg,,,"Denbighshire: [Valle Crucis Abbey]""Doorway""",,,,Religious,Denbighshire,52.988689,-3.1867857,"Welsh School of Architecture, Cardiff University",GIB001000067009,Image;StillImage,image/jpeg,eng,Public domain,https://creativecommons.org/licenses/by-sa/4.0/
gib001000067010,https://adrian-gibson.github.io/001/GIB001000067010.jpg,,,"Denbighshire: [Valle Crucis Abbey]""Chapel no undercroft""",,,,Religious,Denbighshire,52.988689,-3.1867857,"Welsh School of Architecture, Cardiff University",GIB001000067010,Image;StillImage,image/jpeg,eng,Public domain,https://creativecommons.org/licenses/by-sa/4.0/
gib001000067011,https://adrian-gibson.github.io/001/GIB001000067011.jpg,,,"Denbighshire: [Valle Crucis Abbey]""Door arch detail""",,,,Religious,Denbighshire,52.988689,-3.1867857,"Welsh School of Architecture, Cardiff University",GIB001000067011,Image;StillImage,image/jpeg,eng,Public domain,https://creativecommons.org/licenses/by-sa/4.0/
gib001000067012,https://adrian-gibson.github.io/001/GIB001000067012.jpg,,,"Denbighshire: [Valle Crucis Abbey]""From SW""",,,,Religious,Denbighshire,52.988689,-3.1867857,"Welsh School of Architecture, Cardiff University",GIB001000067012,Image;StillImage,image/jpeg,eng,Public domain,https://creativecommons.org/licenses/by-sa/4.0/
gib001000067013,https://adrian-gibson.github.io/001/GIB001000067013.jpg,,,"Denbighshire: [Valle Crucis Abbey]""East end""",,,,Religious,Denbighshire,52.988689,-3.1867857,"Welsh School of Architecture, Cardiff University",GIB001000067013,Image;StillImage,image/jpeg,eng,Public domain,https://creativecommons.org/licenses/by-sa/4.0/
gib001000067014,https://adrian-gibson.github.io/001/GIB001000067014.jpg,,,"Denbighshire: [Valle Crucis Abbey]""Chapter House door and book recess""",,,,Religious,Denbighshire,52.988689,-3.1867857,"Welsh School of Architecture, Cardiff University",GIB001000067014,Image;StillImage,image/jpeg,eng,Public domain,https://creativecommons.org/licenses/by-sa/4.0/
gib001000067015,https://adrian-gibson.github.io/001/GIB001000067015.jpg,,,"Denbighshire: [Valle Crucis Abbey]""Capitals""",,,,Religious,Denbighshire,52.988689,-3.1867857,"Welsh School of Architecture, Cardiff University",GIB001000067015,Image;StillImage,image/jpeg,eng,Public domain,https://creativecommons.org/licenses/by-sa/4.0/
gib001000067016,https://adrian-gibson.github.io/001/GIB001000067016.jpg,,,"Denbighshire: [Valle Crucis Abbey]""Chapter House undercroft""",,,,Religious,Denbighshire,52.988689,-3.1867857,"Welsh School of Architecture, Cardiff University",GIB001000067016,Image;StillImage,image/jpeg,eng,Public domain,https://creativecommons.org/licenses/by-sa/4.0/
gib001000068001,https://adrian-gibson.github.io/001/GIB001000068001.jpg,,,"Herefordshire: [Church of St Mary Belfry], Pembridge",,,,Religious,Herefordshire,52.21734,-2.8920798,"Welsh School of Architecture, Cardiff University",GIB001000068001,Image;StillImage,image/jpeg,eng,Public domain,https://creativecommons.org/licenses/by-sa/4.0/
gib001000069001,https://adrian-gibson.github.io/001/GIB001000069001.jpg,,,"Oxfordshire: [St Mary's Church], Swinbrook ""Early Fettiplace, brass""",,,,Religious,Oxfordshire,51.807752,-1.5957388,"Welsh School of Architecture, Cardiff University",GIB001000069001,Image;StillImage,image/jpeg,eng,Public domain,https://creativecommons.org/licenses/by-sa/4.0/
gib001000069002,https://adrian-gibson.github.io/001/GIB001000069002.jpg,,,"Oxfordshire: [St Mary's Church], Swinbrook ""Fettiplace""",,,,Religious,Oxfordshire,51.807752,-1.5957388,"Welsh School of Architecture, Cardiff University",GIB001000069002,Image;StillImage,image/jpeg,eng,Public domain,https://creativecommons.org/licenses/by-sa/4.0/
gib001000069003,https://adrian-gibson.github.io/001/GIB001000069003.jpg,,,"Oxfordshire: [St Mary's Church], Swinbrook ""Early Fettiplace, brass""",,,,Religious,Oxfordshire,51.807752,-1.5957388,"Welsh School of Architecture, Cardiff University",GIB001000069003,Image;StillImage,image/jpeg,eng,Public domain,https://creativecommons.org/licenses/by-sa/4.0/
gib001000069004,https://adrian-gibson.github.io/001/GIB001000069004.jpg,,,"Oxfordshire: [St Mary's Church], Swinbrook ""Fettiplace monument""",,,,Religious,Oxfordshire,51.807752,-1.5957388,"Welsh School of Architecture, Cardiff University",GIB001000069004,Image;StillImage,image/jpeg,eng,Public domain,https://creativecommons.org/licenses/by-sa/4.0/
gib001000069005,https://adrian-gibson.github.io/001/GIB001000069005.jpg,,,"Oxfordshire: [St Mary's Church], Swinbrook ""Helm""",,,,Religious,Oxfordshire,51.807752,-1.5957388,"Welsh School of Architecture, Cardiff University",GIB001000069005,Image;StillImage,image/jpeg,eng,Public domain,https://creativecommons.org/licenses/by-sa/4.0/
gib001000069006,https://adrian-gibson.github.io/001/GIB001000069006.jpg,,,"Oxfordshire: [St Mary's Church], Swinbrook ""Fettiplace tombs""",,,,Religious,Oxfordshire,51.807752,-1.5957388,"Welsh School of Architecture, Cardiff University",GIB001000069006,Image;StillImage,image/jpeg,eng,Public domain,https://creativecommons.org/licenses/by-sa/4.0/
gib001000069007,https://adrian-gibson.github.io/001/GIB001000069007.jpg,,,"Oxfordshire: [St Mary's Church], Swinbrook ""Fettiplace mon[ument]""",,,,Religious,Oxfordshire,51.807752,-1.5957388,"Welsh School of Architecture, Cardiff University",GIB001000069007,Image;StillImage,image/jpeg,eng,Public domain,https://creativecommons.org/licenses/by-sa/4.0/
gib001000069008,https://adrian-gibson.github.io/001/GIB001000069008.jpg,,,"Oxfordshire: [St Mary's Church], Swinbrook ""Mitford crest""",,,,Religious,Oxfordshire,51.807752,-1.5957388,"Welsh School of Architecture, Cardiff University",GIB001000069008,Image;StillImage,image/jpeg,eng,Public domain,https://creativecommons.org/licenses/by-sa/4.0/
gib001000070001,https://adrian-gibson.github.io/001/GIB001000070001.jpg,,,"Essex: [St Andrew's Church], Barnstone ""Doorway capital details ornate""",,,,Religious,Essex,51.850883,0.397634,"Welsh School of Architecture, Cardiff University",GIB001000070001,Image;StillImage,image/jpeg,eng,Public domain,https://creativecommons.org/licenses/by-sa/4.0/
gib001000070002,https://adrian-gibson.github.io/001/GIB001000070002.jpg,,,"Essex: [St Andrew's Church], Barnstone ""Big tiles and peg""",,,,Religious,Essex,51.850883,0.397634,"Welsh School of Architecture, Cardiff University",GIB001000070002,Image;StillImage,image/jpeg,eng,Public domain,https://creativecommons.org/licenses/by-sa/4.0/
gib001000070003,https://adrian-gibson.github.io/001/GIB001000070003.jpg,,,"Essex: [St Andrew's Church], Barnstone ""Norm""",,,,Religious,Essex,51.850883,0.397634,"Welsh School of Architecture, Cardiff University",GIB001000070003,Image;StillImage,image/jpeg,eng,Public domain,https://creativecommons.org/licenses/by-sa/4.0/
gib001000070004,https://adrian-gibson.github.io/001/GIB001000070004.jpg,,,"Essex: [St Andrew's Church], Barnstone ""Norm doorway""",,,,Religious,Essex,51.850883,0.397634,"Welsh School of Architecture, Cardiff University",GIB001000070004,Image;StillImage,image/jpeg,eng,Public domain,https://creativecommons.org/licenses/by-sa/4.0/
gib001000070005,https://adrian-gibson.github.io/001/GIB001000070005.jpg,,,"Essex: [St Andrew's Church], Barnstone ""Doorway cap detail""",,,,Religious,Essex,51.850883,0.397634,"Welsh School of Architecture, Cardiff University",GIB001000070005,Image;StillImage,image/jpeg,eng,Public domain,https://creativecommons.org/licenses/by-sa/4.0/
gib001000070006,https://adrian-gibson.github.io/001/GIB001000070006.jpg,,,"Essex: [St Andrew's Church], Barnstone ""Big tiles and peg""",,,,Religious,Essex,51.850883,0.397634,"Welsh School of Architecture, Cardiff University",GIB001000070006,Image;StillImage,image/jpeg,eng,Public domain,https://creativecommons.org/licenses/by-sa/4.0/
gib001000070007,https://adrian-gibson.github.io/001/GIB001000070007.jpg,,,"Essex: [St Mary the Virgin], Tilty ""Chancel - south side big tiles and 2 windows""",,,,Religious,Essex,51.914313,0.325372132,"Welsh School of Architecture, Cardiff University",GIB001000070007,Image;StillImage,image/jpeg,eng,Public domain,https://creativecommons.org/licenses/by-sa/4.0/
gib001000070008,https://adrian-gibson.github.io/001/GIB001000070008.jpg,,,"Essex: [St Mary the Virgin], Tilty ""East window - dec""",,,,Religious,Essex,51.914313,0.325372132,"Welsh School of Architecture, Cardiff University",GIB001000070008,Image;StillImage,image/jpeg,eng,Public domain,https://creativecommons.org/licenses/by-sa/4.0/
gib001000070009,https://adrian-gibson.github.io/001/GIB001000070009.jpg,,,"Essex: [St Mary the Virgin], Tilty ""Abbey church chancel big tiles""",,,,Religious,Essex,51.914313,0.325372132,"Welsh School of Architecture, Cardiff University",GIB001000070009,Image;StillImage,image/jpeg,eng,Public domain,https://creativecommons.org/licenses/by-sa/4.0/
gib001000070010,https://adrian-gibson.github.io/001/GIB001000070010.jpg,,,"Essex: [St Mary the Virgin], Tilty ""Dec sediua and piscina""",,,,Religious,Essex,51.914313,0.325372132,"Welsh School of Architecture, Cardiff University",GIB001000070010,Image;StillImage,image/jpeg,eng,Public domain,https://creativecommons.org/licenses/by-sa/4.0/
gib001000070011,https://adrian-gibson.github.io/001/GIB001000070011.jpg,,,"Essex: [St Mary the Virgin], Tilty ""Church - capella ante""",,,,Religious,Essex,51.914313,0.325372132,"Welsh School of Architecture, Cardiff University",GIB001000070011,Image;StillImage,image/jpeg,eng,Public domain,https://creativecommons.org/licenses/by-sa/4.0/
gib001000071001,https://adrian-gibson.github.io/001/GIB001000071001.jpg,,,"Kent: [St Augustine's Church], Brookland ""Belfry""",,,,Religious,Kent,50.997471,0.833867612,"Welsh School of Architecture, Cardiff University",GIB001000071001,Image;StillImage,image/jpeg,eng,Public domain,https://creativecommons.org/licenses/by-sa/4.0/
gib001000071002,https://adrian-gibson.github.io/001/GIB001000071002.jpg,,,"Kent: [St Augustine's Church], Brookland ""TWR sole frame""",,,,Religious,Kent,50.997471,0.833867612,"Welsh School of Architecture, Cardiff University",GIB001000071002,Image;StillImage,image/jpeg,eng,Public domain,https://creativecommons.org/licenses/by-sa/4.0/
gib001000071003,https://adrian-gibson.github.io/001/GIB001000071003.jpg,,,"Kent: [St Augustine's Church], Brookland ""Belfry""",,,,Religious,Kent,50.997471,0.833867612,"Welsh School of Architecture, Cardiff University",GIB001000071003,Image;StillImage,image/jpeg,eng,Public domain,https://creativecommons.org/licenses/by-sa/4.0/
gib001000071005,https://adrian-gibson.github.io/001/GIB001000071005.jpg,,,"Kent: [St Augustine's Church], Brookland ""Tower sole frame and post""",,,,Religious,Kent,50.997471,0.833867612,"Welsh School of Architecture, Cardiff University",GIB001000071005,Image;StillImage,image/jpeg,eng,Public domain,https://creativecommons.org/licenses/by-sa/4.0/
gib001000071006,https://adrian-gibson.github.io/001/GIB001000071006.jpg,,,"Kent: [St Augustine's Church], Brookland ""Belfry""",,,,Religious,Kent,50.997471,0.833867612,"Welsh School of Architecture, Cardiff University",GIB001000071006,Image;StillImage,image/jpeg,eng,Public domain,https://creativecommons.org/licenses/by-sa/4.0/
gib001000071008,https://adrian-gibson.github.io/001/GIB001000071008.jpg,,,"Kent: [St Augustine's Church], Brookland ""Tower framing""",,,,Religious,Kent,50.997471,0.833867612,"Welsh School of Architecture, Cardiff University",GIB001000071008,Image;StillImage,image/jpeg,eng,Public domain,https://creativecommons.org/licenses/by-sa/4.0/
gib001000072001,https://adrian-gibson.github.io/001/GIB001000072001.jpg,,,"Oxfordshire: [St Mary's Church], Temple Guiting ""Ball flower""",,,,Religious,Oxfordshire,51.949186,-1.8684796,"Welsh School of Architecture, Cardiff University",GIB001000072001,Image;StillImage,image/jpeg,eng,Public domain,https://creativecommons.org/licenses/by-sa/4.0/
gib001000072002,https://adrian-gibson.github.io/001/GIB001000072002.jpg,,,"Oxfordshire: [St Mary's Church], Temple Guiting ""South side of church""",,,,Religious,Oxfordshire,51.949186,-1.8684796,"Welsh School of Architecture, Cardiff University",GIB001000072002,Image;StillImage,image/jpeg,eng,Public domain,https://creativecommons.org/licenses/by-sa/4.0/
gib001000072003,https://adrian-gibson.github.io/001/GIB001000072003.jpg,,,"Oxfordshire: [St Mary's Church], Temple Guiting ""Corbelt chancel south side""",,,,Religious,Oxfordshire,51.949186,-1.8684796,"Welsh School of Architecture, Cardiff University",GIB001000072003,Image;StillImage,image/jpeg,eng,Public domain,https://creativecommons.org/licenses/by-sa/4.0/
gib001000072004,https://adrian-gibson.github.io/001/GIB001000072004.jpg,,,"Oxfordshire: [St Mary's Church], Witney ""Tower""",,,,Religious,Oxfordshire,51.781676,-1.485111885,"Welsh School of Architecture, Cardiff University",GIB001000072004,Image;StillImage,image/jpeg,eng,Public domain,https://creativecommons.org/licenses/by-sa/4.0/
gib001000073001,https://adrian-gibson.github.io/001/GIB001000073001.jpg,,,"Oxfordshire: [St Peter and St Paul Church], King's Sutton",,,,Religious,Oxfordshire,52.0213886,-1.276373,"Welsh School of Architecture, Cardiff University",GIB001000073001,Image;StillImage,image/jpeg,eng,Public domain,https://creativecommons.org/licenses/by-sa/4.0/
gib001000074001,https://adrian-gibson.github.io/001/GIB001000074001.jpg,,,"North Yorkshire: [St Mary's Church], Old Malton",,,,Religious,North Yorkshire,54.14271428,-0.779275526,"Welsh School of Architecture, Cardiff University",GIB001000074001,Image;StillImage,image/jpeg,eng,Public domain,https://creativecommons.org/licenses/by-sa/4.0/
gib001000074002,https://adrian-gibson.github.io/001/GIB001000074002.jpg,,,"North Yorkshire: [St Mary's Church], Old Malton ""Window""",,,,Religious,North Yorkshire,54.142714,-0.779275526,"Welsh School of Architecture, Cardiff University",GIB001000074002,Image;StillImage,image/jpeg,eng,Public domain,https://creativecommons.org/licenses/by-sa/4.0/
gib001000074003,https://adrian-gibson.github.io/001/GIB001000074003.jpg,,,"Cambridgeshire: [All Saints Church], Elm ""Tower""",,,,Religious,Cambridgeshire,52.65684,0.163195984,"Welsh School of Architecture, Cardiff University",GIB001000074003,Image;StillImage,image/jpeg,eng,Public domain,https://creativecommons.org/licenses/by-sa/4.0/
gib001000075001,https://adrian-gibson.github.io/001/GIB001000075001.jpg,,,"Hertfordshire: [Holy Trinity], Weston ""Crossing""",,,,Religious,Hertfordshire,51.95374243,-0.159396768,"Welsh School of Architecture, Cardiff University",GIB001000075001,Image;StillImage,image/jpeg,eng,Public domain,https://creativecommons.org/licenses/by-sa/4.0/
gib001000075002,https://adrian-gibson.github.io/001/GIB001000075002.jpg,,,"Hertfordshire: [Mary Magdalene's Church], Offley ""Stiff leaf cap""",,,,Religious,Hertfordshire,51.92844,-0.335360402,"Welsh School of Architecture, Cardiff University",GIB001000075002,Image;StillImage,image/jpeg,eng,Public domain,https://creativecommons.org/licenses/by-sa/4.0/
gib001000075003,https://adrian-gibson.github.io/001/GIB001000075003.jpg,,,"Hertfordshire: [Holy Trinity], Weston ""Crossing""",,,,Religious,Hertfordshire,51.953742,-0.159396768,"Welsh School of Architecture, Cardiff University",GIB001000075003,Image;StillImage,image/jpeg,eng,Public domain,https://creativecommons.org/licenses/by-sa/4.0/
gib001000075004,https://adrian-gibson.github.io/001/GIB001000075004.jpg,,,"Hertfordshire: [Holy Trinity], Weston ""Norman window""",,,,Religious,Hertfordshire,51.953742,-0.159396768,"Welsh School of Architecture, Cardiff University",GIB001000075004,Image;StillImage,image/jpeg,eng,Public domain,https://creativecommons.org/licenses/by-sa/4.0/
gib001000077001,https://adrian-gibson.github.io/001/GIB001000077001.jpg,,,"Cambridgeshire: [St John the Baptist], Pampisford ""Tympanium, Norman""",,,,Religious,Cambridgeshire,52.11237,0.185678675,"Welsh School of Architecture, Cardiff University",GIB001000077001,Image;StillImage,image/jpeg,eng,Public domain,https://creativecommons.org/licenses/by-sa/4.0/
gib001000079001,https://adrian-gibson.github.io/001/GIB001000079001.jpg,,,"Oxfordshire: [St Mary the Virgin Church], Adderbury ""Choir""",,,,Religious,Oxfordshire,52.015101,-1.315233736,"Welsh School of Architecture, Cardiff University",GIB001000079001,Image;StillImage,image/jpeg,eng,Public domain,https://creativecommons.org/licenses/by-sa/4.0/
gib001000080001,https://adrian-gibson.github.io/001/GIB001000080001.jpg,,,"Worcestershire: [Pershore Abbey] ""Choir""",,,,Religious,Worcestershire,52.11071,-2.077705846,"Welsh School of Architecture, Cardiff University",GIB001000080001,Image;StillImage,image/jpeg,eng,Public domain,https://creativecommons.org/licenses/by-sa/4.0/
gib001000080002,https://adrian-gibson.github.io/001/GIB001000080002.jpg,,,"Worcestershire: [Pershore Abbey] ""Transept external detail""",,,,Religious,Worcestershire,52.11071,-2.077705846,"Welsh School of Architecture, Cardiff University",GIB001000080002,Image;StillImage,image/jpeg,eng,Public domain,https://creativecommons.org/licenses/by-sa/4.0/
gib001000080003,https://adrian-gibson.github.io/001/GIB001000080003.jpg,,,"Worcestershire: [Pershore Abbey] ""Transept external detail""",,,,Religious,Worcestershire,52.11071,-2.077705846,"Welsh School of Architecture, Cardiff University",GIB001000080003,Image;StillImage,image/jpeg,eng,Public domain,https://creativecommons.org/licenses/by-sa/4.0/
gib001000080004,https://adrian-gibson.github.io/001/GIB001000080004.jpg,,,"Worcestershire: [Pershore Abbey] ""South transept (Norman)""",,,,Religious,Worcestershire,52.11071,-2.077705846,"Welsh School of Architecture, Cardiff University",GIB001000080004,Image;StillImage,image/jpeg,eng,Public domain,https://creativecommons.org/licenses/by-sa/4.0/
gib001000080005,https://adrian-gibson.github.io/001/GIB001000080005.jpg,,,Worcestershire: [Pershore Abbey],,,,Religious,Worcestershire,52.11071,-2.077705846,"Welsh School of Architecture, Cardiff University",GIB001000080005,Image;StillImage,image/jpeg,eng,Public domain,https://creativecommons.org/licenses/by-sa/4.0/
gib001000080006,https://adrian-gibson.github.io/001/GIB001000080006.jpg,,,"Worcestershire: [Pershore Abbey] ""South east""",,,,Religious,Worcestershire,52.11071,-2.077705846,"Welsh School of Architecture, Cardiff University",GIB001000080006,Image;StillImage,image/jpeg,eng,Public domain,https://creativecommons.org/licenses/by-sa/4.0/
gib001000081001,https://adrian-gibson.github.io/001/GIB001000081001.jpg,,,"Worcestershire: [St Peter's Church], Southrop ""Font C12""",,,,Religious,Worcestershire,51.729321,-1.7088942,"Welsh School of Architecture, Cardiff University",GIB001000081001,Image;StillImage,image/jpeg,eng,Public domain,https://creativecommons.org/licenses/by-sa/4.0/
gib001000081002,https://adrian-gibson.github.io/001/GIB001000081002.jpg,,,"Worcestershire: [Church of St Faith], Overbury ""Font 1150-60 - holding church""",,,,Religious,Worcestershire,52.035312,-2.064198142,"Welsh School of Architecture, Cardiff University",GIB001000081002,Image;StillImage,image/jpeg,eng,Public domain,https://creativecommons.org/licenses/by-sa/4.0/
gib001000081003,https://adrian-gibson.github.io/001/GIB001000081003.jpg,,,"Gloucestershire: [St Peter's Church], Rendcomb ""Rendcomb font""",,,,Religious,Gloucestershire,51.786944,-1.973740724,"Welsh School of Architecture, Cardiff University",GIB001000081003,Image;StillImage,image/jpeg,eng,Public domain,https://creativecommons.org/licenses/by-sa/4.0/
gib001000081004,https://adrian-gibson.github.io/001/GIB001000081004.jpg,,,"Gloucestershire: [St Peter's Church], Rendcomb ""Rendcomb Glos, Norman font""",,,,Religious,Gloucestershire,51.786944,-1.973740724,"Welsh School of Architecture, Cardiff University",GIB001000081004,Image;StillImage,image/jpeg,eng,Public domain,https://creativecommons.org/licenses/by-sa/4.0/
gib001000082001,https://adrian-gibson.github.io/001/GIB001000082001.jpg,,,"Worcestershire: [St Mary the Virgin Church], Elmley Castle ""Norman Church north side""",,,,Religious,Worcestershire,52.067601,-2.027632998,"Welsh School of Architecture, Cardiff University",GIB001000082001,Image;StillImage,image/jpeg,eng,Public domain,https://creativecommons.org/licenses/by-sa/4.0/
gib001000082002,https://adrian-gibson.github.io/001/GIB001000082002.jpg,,,"Worcestershire: [St Mary the Virgin Church], Elmley Castle ""North side""",,,,Religious,Worcestershire,52.067601,-2.027632998,"Welsh School of Architecture, Cardiff University",GIB001000082002,Image;StillImage,image/jpeg,eng,Public domain,https://creativecommons.org/licenses/by-sa/4.0/
gib001000082003,https://adrian-gibson.github.io/001/GIB001000082003.jpg,,,"Worcestershire: [St Mary the Virgin Church], Elmley Castle ""North doorway, 2 way chevron""",,,,Religious,Worcestershire,52.067601,-2.027632998,"Welsh School of Architecture, Cardiff University",GIB001000082003,Image;StillImage,image/jpeg,eng,Public domain,https://creativecommons.org/licenses/by-sa/4.0/
gib001000082004,https://adrian-gibson.github.io/001/GIB001000082004.jpg,,,"Worcestershire: [St Mary the Virgin Church], Elmley Castle ""Interior west end, fire places""",,,,Religious,Worcestershire,52.067601,-2.027632998,"Welsh School of Architecture, Cardiff University",GIB001000082004,Image;StillImage,image/jpeg,eng,Public domain,https://creativecommons.org/licenses/by-sa/4.0/
gib001000082005,https://adrian-gibson.github.io/001/GIB001000082005.jpg,,,"Worcestershire: [St Mary the Virgin Church], Elmley Castle ""Dragon south door""",,,,Religious,Worcestershire,52.067601,-2.027632998,"Welsh School of Architecture, Cardiff University",GIB001000082005,Image;StillImage,image/jpeg,eng,Public domain,https://creativecommons.org/licenses/by-sa/4.0/
gib001000083001,https://adrian-gibson.github.io/001/GIB001000083001.jpg,,,"Shropshire: [Chapel of St Mary Magdalene], Ludlow ""Ludlow Chapel""",,,,Religious,Shropshire,52.370746,-2.723632212,"Welsh School of Architecture, Cardiff University",GIB001000083001,Image;StillImage,image/jpeg,eng,Public domain,https://creativecommons.org/licenses/by-sa/4.0/
gib001000083002,https://adrian-gibson.github.io/001/GIB001000083002.jpg,,,"Shropshire: [Chapel of St Mary Magdalene], Ludlow ""Ludlow Chapel""",,,,Religious,Shropshire,52.370746,-2.723632212,"Welsh School of Architecture, Cardiff University",GIB001000083002,Image;StillImage,image/jpeg,eng,Public domain,https://creativecommons.org/licenses/by-sa/4.0/
gib001000083003,https://adrian-gibson.github.io/001/GIB001000083003.jpg,,,"Shropshire: [Chapel of St Mary Magdalene], Ludlow ""Ludlow Chapel""",,,,Religious,Shropshire,52.370746,-2.723632212,"Welsh School of Architecture, Cardiff University",GIB001000083003,Image;StillImage,image/jpeg,eng,Public domain,https://creativecommons.org/licenses/by-sa/4.0/
gib001000084001,https://adrian-gibson.github.io/001/GIB001000084001.jpg,,,"Essex: [Abbey], Coggeshall ""Old range from east""",,,,Religious,Essex,51.868044,0.693208876,"Welsh School of Architecture, Cardiff University",GIB001000084001,Image;StillImage,image/jpeg,eng,Public domain,https://creativecommons.org/licenses/by-sa/4.0/
gib001000084003,https://adrian-gibson.github.io/001/GIB001000084003.jpg,,,"Essex: [St Nicholas Chapel], Coggeshall ""Chapel""",,,,Religious,Essex,51.868601,0.691026444,"Welsh School of Architecture, Cardiff University",GIB001000084003,Image;StillImage,image/jpeg,eng,Public domain,https://creativecommons.org/licenses/by-sa/4.0/
gib001000084004,https://adrian-gibson.github.io/001/GIB001000084004.jpg,,,"Essex: [St Nicholas Chapel], Coggeshall ""Chapel""",,,,Religious,Essex,51.868601,0.691026444,"Welsh School of Architecture, Cardiff University",GIB001000084004,Image;StillImage,image/jpeg,eng,Public domain,https://creativecommons.org/licenses/by-sa/4.0/
gib001000084006,https://adrian-gibson.github.io/001/GIB001000084006.jpg,,,"Essex: [Abbey], Coggeshall ""Scalloped cap and brick""",,,,Religious,Essex,51.868044,0.693208876,"Welsh School of Architecture, Cardiff University",GIB001000084006,Image;StillImage,image/jpeg,eng,Public domain,https://creativecommons.org/licenses/by-sa/4.0/
gib001000084007,https://adrian-gibson.github.io/001/GIB001000084007.jpg,,,"Essex: [Abbey], Coggeshall ""Corridor north""",,,,Religious,Essex,51.86804419,0.693208876,"Welsh School of Architecture, Cardiff University",GIB001000084007,Image;StillImage,image/jpeg,eng,Public domain,https://creativecommons.org/licenses/by-sa/4.0/
gib001000084008,https://adrian-gibson.github.io/001/GIB001000084008.jpg,,,"Essex: [Abbey], Coggeshall ""Vaulted corridor""",,,,Religious,Essex,51.868044,0.693208876,"Welsh School of Architecture, Cardiff University",GIB001000084008,Image;StillImage,image/jpeg,eng,Public domain,https://creativecommons.org/licenses/by-sa/4.0/
gib001000084009,https://adrian-gibson.github.io/001/GIB001000084009.jpg,,,"Essex: [Abbey], Coggeshall ""Corridor east end arch and bricks""",,,,Religious,Essex,51.868044,0.693208876,"Welsh School of Architecture, Cardiff University",GIB001000084009,Image;StillImage,image/jpeg,eng,Public domain,https://creativecommons.org/licenses/by-sa/4.0/
gib001000084010,https://adrian-gibson.github.io/001/GIB001000084010.jpg,,,"Essex: [Abbey], Coggeshall ""Pier cap C12 - in house""",,,,Religious,Essex,51.868044,0.693208876,"Welsh School of Architecture, Cardiff University",GIB001000084010,Image;StillImage,image/jpeg,eng,Public domain,https://creativecommons.org/licenses/by-sa/4.0/
gib001000084011,https://adrian-gibson.github.io/001/GIB001000084011.jpg,,,"Essex: [Abbey], Coggeshall ""Old block east side""",,,,Religious,Essex,51.868044,0.693208876,"Welsh School of Architecture, Cardiff University",GIB001000084011,Image;StillImage,image/jpeg,eng,Public domain,https://creativecommons.org/licenses/by-sa/4.0/
gib001000084012,https://adrian-gibson.github.io/001/GIB001000084012.jpg,,,"Essex: [Abbey], Coggeshall ""C13 capital door to corridor""",,,,Religious,Essex,51.868044,0.693208876,"Welsh School of Architecture, Cardiff University",GIB001000084012,Image;StillImage,image/jpeg,eng,Public domain,https://creativecommons.org/licenses/by-sa/4.0/
gib001000084013,https://adrian-gibson.github.io/001/GIB001000084013.jpg,,,"Essex: [Abbey], Coggeshall ""Entry porch""",,,,Religious,Essex,51.868044,0.693208876,"Welsh School of Architecture, Cardiff University",GIB001000084013,Image;StillImage,image/jpeg,eng,Public domain,https://creativecommons.org/licenses/by-sa/4.0/
gib001000084014,https://adrian-gibson.github.io/001/GIB001000084014.jpg,,,"Essex: [Abbey], Coggeshall ""Pier and cap in house""",,,,Religious,Essex,51.868044,0.693208876,"Welsh School of Architecture, Cardiff University",GIB001000084014,Image;StillImage,image/jpeg,eng,Public domain,https://creativecommons.org/licenses/by-sa/4.0/
gib001000084015,https://adrian-gibson.github.io/001/GIB001000084015.jpg,,,"Essex: [St Nicholas Chapel], Coggeshall ""Chapter House ext windows and pist log""",,,,Religious,Essex,51.868601,0.691026444,"Welsh School of Architecture, Cardiff University",GIB001000084015,Image;StillImage,image/jpeg,eng,Public domain,https://creativecommons.org/licenses/by-sa/4.0/
gib001000084016,https://adrian-gibson.github.io/001/GIB001000084016.jpg,,,"Essex: [Abbey], Coggeshall ""Chapter House interior""",,,,Religious,Essex,51.868044,0.693208876,"Welsh School of Architecture, Cardiff University",GIB001000084016,Image;StillImage,image/jpeg,eng,Public domain,https://creativecommons.org/licenses/by-sa/4.0/
gib001000084017,https://adrian-gibson.github.io/001/GIB001000084017.jpg,,,"Essex: [Abbey], Coggeshall ""Corridor south""",,,,Religious,Essex,51.868044,0.693208876,"Welsh School of Architecture, Cardiff University",GIB001000084017,Image;StillImage,image/jpeg,eng,Public domain,https://creativecommons.org/licenses/by-sa/4.0/
gib001000084018,https://adrian-gibson.github.io/001/GIB001000084018.jpg,,,"Essex: [Abbey], Coggeshall ""Vault rib red painted lines""",,,,Religious,Essex,51.868044,0.693208876,"Welsh School of Architecture, Cardiff University",GIB001000084018,Image;StillImage,image/jpeg,eng,Public domain,https://creativecommons.org/licenses/by-sa/4.0/
gib001000084019,https://adrian-gibson.github.io/001/GIB001000084019.jpg,,,"Essex: [Abbey], Coggeshall ""Arch above pier point""",,,,Religious,Essex,51.86804419,0.693208876,"Welsh School of Architecture, Cardiff University",GIB001000084019,Image;StillImage,image/jpeg,eng,Public domain,https://creativecommons.org/licenses/by-sa/4.0/
gib001000084020,https://adrian-gibson.github.io/001/GIB001000084020.jpg,,,"Essex: [Abbey], Coggeshall ""Corridor vaulting north""",,,,Religious,Essex,51.86804419,0.693208876,"Welsh School of Architecture, Cardiff University",GIB001000084020,Image;StillImage,image/jpeg,eng,Public domain,https://creativecommons.org/licenses/by-sa/4.0/
gib001000084021,https://adrian-gibson.github.io/001/GIB001000084021.jpg,,,"Essex: [Abbey], Coggeshall ""Guest house / Chaper House""",,,,Religious,Essex,51.868044,0.693208876,"Welsh School of Architecture, Cardiff University",GIB001000084021,Image;StillImage,image/jpeg,eng,Public domain,https://creativecommons.org/licenses/by-sa/4.0/
gib001000084022,https://adrian-gibson.github.io/001/GIB001000084022.jpg,,,"Essex: [Abbey], Coggeshall ""Corridor west face""",,,,Religious,Essex,51.868044,0.693208876,"Welsh School of Architecture, Cardiff University",GIB001000084022,Image;StillImage,image/jpeg,eng,Public domain,https://creativecommons.org/licenses/by-sa/4.0/
gib001000084023,https://adrian-gibson.github.io/001/GIB001000084023.jpg,,,"Essex: [Abbey], Coggeshall ""Cross vault brick""",,,,Religious,Essex,51.86804419,0.693208876,"Welsh School of Architecture, Cardiff University",GIB001000084023,Image;StillImage,image/jpeg,eng,Public domain,https://creativecommons.org/licenses/by-sa/4.0/
gib001000084024,https://adrian-gibson.github.io/001/GIB001000084024.jpg,,,"Essex: [Abbey], Coggeshall ""Column twisted""",,,,Religious,Essex,51.86804419,0.693208876,"Welsh School of Architecture, Cardiff University",GIB001000084024,Image;StillImage,image/jpeg,eng,Public domain,https://creativecommons.org/licenses/by-sa/4.0/
gib001000084025,https://adrian-gibson.github.io/001/GIB001000084025.jpg,,,"Essex: [Abbey], Coggeshall ""From east""",,,,Religious,Essex,51.868044,0.693208876,"Welsh School of Architecture, Cardiff University",GIB001000084025,Image;StillImage,image/jpeg,eng,Public domain,https://creativecommons.org/licenses/by-sa/4.0/
gib001000084026,https://adrian-gibson.github.io/001/GIB001000084026.jpg,,,"Essex: [Abbey], Coggeshall ""Polstead""",,,,Religious,Essex,51.868044,0.693208876,"Welsh School of Architecture, Cardiff University",GIB001000084026,Image;StillImage,image/jpeg,eng,Public domain,https://creativecommons.org/licenses/by-sa/4.0/
gib001000085001,https://adrian-gibson.github.io/001/GIB001000085001.jpg,,,"Essex: [St Nicholas Chapel], Coggeshall ""Capella extra portas, C1225""",,,,Religious,Essex,51.868601,0.691026444,"Welsh School of Architecture, Cardiff University",GIB001000085001,Image;StillImage,image/jpeg,eng,Public domain,https://creativecommons.org/licenses/by-sa/4.0/
gib001000085002,https://adrian-gibson.github.io/001/GIB001000085002.jpg,,,"Essex: [Abbey], Coggeshall ""Roof sec notch L""",,,,Religious,Essex,51.868044,0.693208876,"Welsh School of Architecture, Cardiff University",GIB001000085002,Image;StillImage,image/jpeg,eng,Public domain,https://creativecommons.org/licenses/by-sa/4.0/
gib001000085003,https://adrian-gibson.github.io/001/GIB001000085003.jpg,,,"Essex: [Abbey], Coggeshall ""Crossing passage of corridor""",,,,Religious,Essex,51.868044,0.693208876,"Welsh School of Architecture, Cardiff University",GIB001000085003,Image;StillImage,image/jpeg,eng,Public domain,https://creativecommons.org/licenses/by-sa/4.0/
gib001000085004,https://adrian-gibson.github.io/001/GIB001000085004.jpg,,,"Essex: [Abbey], Coggeshall ""Chapter House interior putlog holes""",,,,Religious,Essex,51.868044,0.693208876,"Welsh School of Architecture, Cardiff University",GIB001000085004,Image;StillImage,image/jpeg,eng,Public domain,https://creativecommons.org/licenses/by-sa/4.0/
gib001000085005,https://adrian-gibson.github.io/001/GIB001000085005.jpg,,,"Essex: [Abbey], Coggeshall ""From east""",,,,Religious,Essex,51.868044,0.693208876,"Welsh School of Architecture, Cardiff University",GIB001000085005,Image;StillImage,image/jpeg,eng,Public domain,https://creativecommons.org/licenses/by-sa/4.0/
gib001000085006,https://adrian-gibson.github.io/001/GIB001000085006.jpg,,,"Essex: [Abbey], Coggeshall ""C13 niche in corridor""",,,,Religious,Essex,51.868044,0.693208876,"Welsh School of Architecture, Cardiff University",GIB001000085006,Image;StillImage,image/jpeg,eng,Public domain,https://creativecommons.org/licenses/by-sa/4.0/
gib001000086001,https://adrian-gibson.github.io/001/GIB001000086001.jpg,,,"Essex: [Abbey], Coggeshall ""Red and black lining""",,,,Religious,Essex,51.868044,0.693208876,"Welsh School of Architecture, Cardiff University",GIB001000086001,Image;StillImage,image/jpeg,eng,Public domain,https://creativecommons.org/licenses/by-sa/4.0/
gib001000086002,https://adrian-gibson.github.io/001/GIB001000086002.jpg,,,"Essex: [Abbey], Coggeshall ""Black vault web lining""",,,,Religious,Essex,51.868044,0.693208876,"Welsh School of Architecture, Cardiff University",GIB001000086002,Image;StillImage,image/jpeg,eng,Public domain,https://creativecommons.org/licenses/by-sa/4.0/
gib001000086003,https://adrian-gibson.github.io/001/GIB001000086003.jpg,,,"Essex: [Abbey], Coggeshall ""Black vault web lining""",,,,Religious,Essex,51.868044,0.693208876,"Welsh School of Architecture, Cardiff University",GIB001000086003,Image;StillImage,image/jpeg,eng,Public domain,https://creativecommons.org/licenses/by-sa/4.0/
gib001000086004,https://adrian-gibson.github.io/001/GIB001000086004.jpg,,,"Essex: [Abbey], Coggeshall ""River end of house""",,,,Religious,Essex,51.868044,0.693208876,"Welsh School of Architecture, Cardiff University",GIB001000086004,Image;StillImage,image/jpeg,eng,Public domain,https://creativecommons.org/licenses/by-sa/4.0/
gib001000086005,https://adrian-gibson.github.io/001/GIB001000086005.jpg,,,"Essex: [Abbey], Coggeshall ""East view""",,,,Religious,Essex,51.868044,0.693208876,"Welsh School of Architecture, Cardiff University",GIB001000086005,Image;StillImage,image/jpeg,eng,Public domain,https://creativecommons.org/licenses/by-sa/4.0/
gib001000086006,https://adrian-gibson.github.io/001/GIB001000086006.jpg,,,"Essex: [Abbey], Coggeshall ""East view""",,,,Religious,Essex,51.868044,0.693208876,"Welsh School of Architecture, Cardiff University",GIB001000086006,Image;StillImage,image/jpeg,eng,Public domain,https://creativecommons.org/licenses/by-sa/4.0/
gib001000086007,https://adrian-gibson.github.io/001/GIB001000086007.jpg,,,"Essex: [Abbey], Coggeshall ""East side of sep building""",,,,Religious,Essex,51.868044,0.693208876,"Welsh School of Architecture, Cardiff University",GIB001000086007,Image;StillImage,image/jpeg,eng,Public domain,https://creativecommons.org/licenses/by-sa/4.0/
gib001000086008,https://adrian-gibson.github.io/001/GIB001000086008.jpg,,,"Essex: [Abbey], Coggeshall ""East side""",,,,Religious,Essex,51.868044,0.693208876,"Welsh School of Architecture, Cardiff University",GIB001000086008,Image;StillImage,image/jpeg,eng,Public domain,https://creativecommons.org/licenses/by-sa/4.0/
gib001000086009,https://adrian-gibson.github.io/001/GIB001000086009.jpg,,,"Essex: [Abbey], Coggeshall ""River end of house""",,,,Religious,Essex,51.868044,0.693208876,"Welsh School of Architecture, Cardiff University",GIB001000086009,Image;StillImage,image/jpeg,eng,Public domain,https://creativecommons.org/licenses/by-sa/4.0/
gib001000086010,https://adrian-gibson.github.io/001/GIB001000086010.jpg,,,"Essex: [Abbey], Coggeshall ""C13 in doorway corridor""",,,,Religious,Essex,51.868044,0.693208876,"Welsh School of Architecture, Cardiff University",GIB001000086010,Image;StillImage,image/jpeg,eng,Public domain,https://creativecommons.org/licenses/by-sa/4.0/
gib001000086011,https://adrian-gibson.github.io/001/GIB001000086011.jpg,,,"Essex: [Abbey], Coggeshall ""Norman cap in east wall of outer building""",,,,Religious,Essex,51.868044,0.693208876,"Welsh School of Architecture, Cardiff University",GIB001000086011,Image;StillImage,image/jpeg,eng,Public domain,https://creativecommons.org/licenses/by-sa/4.0/
gib001000086012,https://adrian-gibson.github.io/001/GIB001000086012.jpg,,,"Essex: [Abbey], Coggeshall ""Ghost of arcade on west side""",,,,Religious,Essex,51.868044,0.693208876,"Welsh School of Architecture, Cardiff University",GIB001000086012,Image;StillImage,image/jpeg,eng,Public domain,https://creativecommons.org/licenses/by-sa/4.0/
gib001000086013,https://adrian-gibson.github.io/001/GIB001000086013.jpg,,,"Essex: [Abbey], Coggeshall ""Ghost of arcade on west side""",,,,Religious,Essex,51.868044,0.693208876,"Welsh School of Architecture, Cardiff University",GIB001000086013,Image;StillImage,image/jpeg,eng,Public domain,https://creativecommons.org/licenses/by-sa/4.0/
gib001000087001,https://adrian-gibson.github.io/001/GIB001000087001.jpg,,,"Suffolk: [Holy Trinity Church], Blythburgh ""Masons' mark""",,,,Religious,Suffolk,52.321266,1.595005373,"Welsh School of Architecture, Cardiff University",GIB001000087001,Image;StillImage,image/jpeg,eng,Public domain,https://creativecommons.org/licenses/by-sa/4.0/
gib001000087002,https://adrian-gibson.github.io/001/GIB001000087002.jpg,,,"Suffolk: [Holy Trinity Church], Blythburgh ""Masons' mark""",,,,Religious,Suffolk,52.321266,1.595005373,"Welsh School of Architecture, Cardiff University",GIB001000087002,Image;StillImage,image/jpeg,eng,Public domain,https://creativecommons.org/licenses/by-sa/4.0/
gib001000087003,https://adrian-gibson.github.io/001/GIB001000087003.jpg,,,"Suffolk: [Holy Trinity Church], Blythburgh ""Angel""",,,,Religious,Suffolk,52.321266,1.595005373,"Welsh School of Architecture, Cardiff University",GIB001000087003,Image;StillImage,image/jpeg,eng,Public domain,https://creativecommons.org/licenses/by-sa/4.0/
gib001000087004,https://adrian-gibson.github.io/001/GIB001000087004.jpg,,,"Suffolk: [Holy Trinity Church], Blythburgh ""Masons' mark""",,,,Religious,Suffolk,52.321266,1.595005373,"Welsh School of Architecture, Cardiff University",GIB001000087004,Image;StillImage,image/jpeg,eng,Public domain,https://creativecommons.org/licenses/by-sa/4.0/
gib001000087005,https://adrian-gibson.github.io/001/GIB001000087005.jpg,,,"Suffolk: [Holy Trinity Church], Blythburgh ""Buttress""",,,,Religious,Suffolk,52.32126552,1.595005373,"Welsh School of Architecture, Cardiff University",GIB001000087005,Image;StillImage,image/jpeg,eng,Public domain,https://creativecommons.org/licenses/by-sa/4.0/
gib001000087006,https://adrian-gibson.github.io/001/GIB001000087006.jpg,,,"Suffolk: [Holy Trinity Church], Blythburgh ""South side""",,,,Religious,Suffolk,52.321266,1.595005373,"Welsh School of Architecture, Cardiff University",GIB001000087006,Image;StillImage,image/jpeg,eng,Public domain,https://creativecommons.org/licenses/by-sa/4.0/
gib001000087007,https://adrian-gibson.github.io/001/GIB001000087007.jpg,,,"Suffolk: [Holy Trinity Church], Blythburgh ""Masons' mark""",,,,Religious,Suffolk,52.321266,1.595005373,"Welsh School of Architecture, Cardiff University",GIB001000087007,Image;StillImage,image/jpeg,eng,Public domain,https://creativecommons.org/licenses/by-sa/4.0/
gib001000087008,https://adrian-gibson.github.io/001/GIB001000087008.jpg,,,"Suffolk: [Holy Trinity Church], Blythburgh ""Roof""",,,,Religious,Suffolk,52.321266,1.595005373,"Welsh School of Architecture, Cardiff University",GIB001000087008,Image;StillImage,image/jpeg,eng,Public domain,https://creativecommons.org/licenses/by-sa/4.0/
gib001000087009,https://adrian-gibson.github.io/001/GIB001000087009.jpg,,,"Suffolk: [Holy Trinity Church], Blythburgh ""South aisle""",,,,Religious,Suffolk,52.321266,1.595005373,"Welsh School of Architecture, Cardiff University",GIB001000087009,Image;StillImage,image/jpeg,eng,Public domain,https://creativecommons.org/licenses/by-sa/4.0/
gib001000087010,https://adrian-gibson.github.io/001/GIB001000087010.jpg,,,"Suffolk: [Holy Trinity Church], Blythburgh ""Roof""",,,,Religious,Suffolk,52.32126552,1.595005373,"Welsh School of Architecture, Cardiff University",GIB001000087010,Image;StillImage,image/jpeg,eng,Public domain,https://creativecommons.org/licenses/by-sa/4.0/
gib001000087011,https://adrian-gibson.github.io/001/GIB001000087011.jpg,,,"Suffolk: [Holy Trinity Church], Blythburgh ""South side""",,,,Religious,Suffolk,52.321266,1.595005373,"Welsh School of Architecture, Cardiff University",GIB001000087011,Image;StillImage,image/jpeg,eng,Public domain,https://creativecommons.org/licenses/by-sa/4.0/
gib001000087012,https://adrian-gibson.github.io/001/GIB001000087012.jpg,,,"Suffolk: [Holy Trinity Church], Blythburgh",,,,Religious,Suffolk,52.321266,1.595005373,"Welsh School of Architecture, Cardiff University",GIB001000087012,Image;StillImage,image/jpeg,eng,Public domain,https://creativecommons.org/licenses/by-sa/4.0/
gib001000087013,https://adrian-gibson.github.io/001/GIB001000087013.jpg,,,"Suffolk: [Holy Trinity Church], Blythburgh ""Roof""",,,,Religious,Suffolk,52.321266,1.595005373,"Welsh School of Architecture, Cardiff University",GIB001000087013,Image;StillImage,image/jpeg,eng,Public domain,https://creativecommons.org/licenses/by-sa/4.0/
gib001000088001,https://adrian-gibson.github.io/001/GIB001000088001.jpg,,,"Somerset: [St Mary's Church], Bishops Lydeard ""Tower from south C15""",,,,Religious,Somerset,51.061118,-3.188714843,"Welsh School of Architecture, Cardiff University",GIB001000088001,Image;StillImage,image/jpeg,eng,Public domain,https://creativecommons.org/licenses/by-sa/4.0/
gib001000088002,https://adrian-gibson.github.io/001/GIB001000088002.jpg,,,"Somerset: [St Mary's Church], Bishops Lydeard ""Man and tree bench end""",,,,Religious,Somerset,51.061118,-3.188714843,"Welsh School of Architecture, Cardiff University",GIB001000088002,Image;StillImage,image/jpeg,eng,Public domain,https://creativecommons.org/licenses/by-sa/4.0/
gib001000088003,https://adrian-gibson.github.io/001/GIB001000088003.jpg,,,"Somerset: [St Mary's Church], Bishops Lydeard ""Ship bench end C16""",,,,Religious,Somerset,51.0611181,-3.188714843,"Welsh School of Architecture, Cardiff University",GIB001000088003,Image;StillImage,image/jpeg,eng,Public domain,https://creativecommons.org/licenses/by-sa/4.0/
gib001000088004,https://adrian-gibson.github.io/001/GIB001000088004.jpg,,,"Somerset: [St Mary's Church], Bishops Lydeard ""From south east""",,,,Religious,Somerset,51.0611181,-3.188714843,"Welsh School of Architecture, Cardiff University",GIB001000088004,Image;StillImage,image/jpeg,eng,Public domain,https://creativecommons.org/licenses/by-sa/4.0/
gib001000088005,https://adrian-gibson.github.io/001/GIB001000088005.jpg,,,"Somerset: [St Mary's Church], Bishops Lydeard ""Screen""",,,,Religious,Somerset,51.0611181,-3.188714843,"Welsh School of Architecture, Cardiff University",GIB001000088005,Image;StillImage,image/jpeg,eng,Public domain,https://creativecommons.org/licenses/by-sa/4.0/
gib001000088006,https://adrian-gibson.github.io/001/GIB001000088006.jpg,,,"Somerset: [St Mary's Church], Bishops Lydeard ""Tower from south""",,,,Religious,Somerset,51.0611181,-3.188714843,"Welsh School of Architecture, Cardiff University",GIB001000088006,Image;StillImage,image/jpeg,eng,Public domain,https://creativecommons.org/licenses/by-sa/4.0/
gib001000088007,https://adrian-gibson.github.io/001/GIB001000088007.jpg,,,"Somerset: [St Mary's Church], Bishops Lydeard ""Bench end windmill""",,,,Religious,Somerset,51.0611181,-3.188714843,"Welsh School of Architecture, Cardiff University",GIB001000088007,Image;StillImage,image/jpeg,eng,Public domain,https://creativecommons.org/licenses/by-sa/4.0/
gib001000088008,https://adrian-gibson.github.io/001/GIB001000088008.jpg,,,"Somerset: [St Mary's Church], Bishops Lydeard ""Screen""",,,,Religious,Somerset,51.0611181,-3.188714843,"Welsh School of Architecture, Cardiff University",GIB001000088008,Image;StillImage,image/jpeg,eng,Public domain,https://creativecommons.org/licenses/by-sa/4.0/
gib001000089001,https://adrian-gibson.github.io/001/GIB001000089001.jpg,,,"Monmouthshire: Tintern Abbey ""South transept, flying buttress, abuttments""",,,,Religious,Monmouthshire,51.696977,-2.677016121,"Welsh School of Architecture, Cardiff University",GIB001000089001,Image;StillImage,image/jpeg,eng,Public domain,https://creativecommons.org/licenses/by-sa/4.0/
gib001000089002,https://adrian-gibson.github.io/001/GIB001000089002.jpg,,,"Monmouthshire: Tintern Abbey ""Abbey, plate tracery, north side of church""",,,,Religious,Monmouthshire,51.696977,-2.677016121,"Welsh School of Architecture, Cardiff University",GIB001000089002,Image;StillImage,image/jpeg,eng,Public domain,https://creativecommons.org/licenses/by-sa/4.0/
gib001000089003,https://adrian-gibson.github.io/001/GIB001000089003.jpg,,,"Monmouthshire: Tintern Abbey ""East end""",,,,Religious,Monmouthshire,51.69697715,-2.677016121,"Welsh School of Architecture, Cardiff University",GIB001000089003,Image;StillImage,image/jpeg,eng,Public domain,https://creativecommons.org/licenses/by-sa/4.0/
gib001000089004,https://adrian-gibson.github.io/001/GIB001000089004.jpg,,,"Monmouthshire: Tintern Abbey ""South transept west side""",,,,Religious,Monmouthshire,51.696977,-2.677016121,"Welsh School of Architecture, Cardiff University",GIB001000089004,Image;StillImage,image/jpeg,eng,Public domain,https://creativecommons.org/licenses/by-sa/4.0/
gib001000089005,https://adrian-gibson.github.io/001/GIB001000089005.jpg,,,"Monmouthshire: Tintern Abbey ""West window interior""",,,,Religious,Monmouthshire,51.696977,-2.677016121,"Welsh School of Architecture, Cardiff University",GIB001000089005,Image;StillImage,image/jpeg,eng,Public domain,https://creativecommons.org/licenses/by-sa/4.0/
gib001000089006,https://adrian-gibson.github.io/001/GIB001000089006.jpg,,,"Monmouthshire: Tintern Abbey ""West window interior""",,,,Religious,Monmouthshire,51.696977,-2.677016121,"Welsh School of Architecture, Cardiff University",GIB001000089006,Image;StillImage,image/jpeg,eng,Public domain,https://creativecommons.org/licenses/by-sa/4.0/
gib001000089007,https://adrian-gibson.github.io/001/GIB001000089007.jpg,,,"Monmouthshire: Tintern Abbey ""C14 door dec and deep""",,,,Religious,Monmouthshire,51.696977,-2.677016121,"Welsh School of Architecture, Cardiff University",GIB001000089007,Image;StillImage,image/jpeg,eng,Public domain,https://creativecommons.org/licenses/by-sa/4.0/
gib001000089008,https://adrian-gibson.github.io/001/GIB001000089008.jpg,,,"Monmouthshire: Tintern Abbey ""Warming room fireplace""",,,,Religious,Monmouthshire,51.696977,-2.677016121,"Welsh School of Architecture, Cardiff University",GIB001000089008,Image;StillImage,image/jpeg,eng,Public domain,https://creativecommons.org/licenses/by-sa/4.0/
gib001000089009,https://adrian-gibson.github.io/001/GIB001000089009.jpg,,,"Monmouthshire: Tintern Abbey ""Warming room fireplace""",,,,Religious,Monmouthshire,51.696977,-2.677016121,"Welsh School of Architecture, Cardiff University",GIB001000089009,Image;StillImage,image/jpeg,eng,Public domain,https://creativecommons.org/licenses/by-sa/4.0/
gib001000089010,https://adrian-gibson.github.io/001/GIB001000089010.jpg,,,"Monmouthshire: Tintern Abbey ""From south""",,,,Religious,Monmouthshire,51.696977,-2.677016121,"Welsh School of Architecture, Cardiff University",GIB001000089010,Image;StillImage,image/jpeg,eng,Public domain,https://creativecommons.org/licenses/by-sa/4.0/
gib001000089011,https://adrian-gibson.github.io/001/GIB001000089011.jpg,,,"Monmouthshire: Tintern Abbey ""East windows interior""",,,,Religious,Monmouthshire,51.69697715,-2.677016121,"Welsh School of Architecture, Cardiff University",GIB001000089011,Image;StillImage,image/jpeg,eng,Public domain,https://creativecommons.org/licenses/by-sa/4.0/
gib001000090001,https://adrian-gibson.github.io/001/GIB001000090001.jpg,,,"Norfolk: [St Botolph's Church], Trunch ""Angel bench ends""",,,,Religious,Norfolk,52.862721,1.396358089,"Welsh School of Architecture, Cardiff University",GIB001000090001,Image;StillImage,image/jpeg,eng,Public domain,https://creativecommons.org/licenses/by-sa/4.0/
gib001000091001,https://adrian-gibson.github.io/001/GIB001000091001.jpg,,,"South Yorkshire: Roche Abbey, [Maltby]",,,,Religious,South Yorkshire,53.402585,-1.183557095,"Welsh School of Architecture, Cardiff University",GIB001000091001,Image;StillImage,image/jpeg,eng,Public domain,https://creativecommons.org/licenses/by-sa/4.0/
gib001000091002,https://adrian-gibson.github.io/001/GIB001000091002.jpg,,,"South Yorkshire: Roche Abbey, [Maltby] ""Trifor vault""",,,,Religious,South Yorkshire,53.402585,-1.183557095,"Welsh School of Architecture, Cardiff University",GIB001000091002,Image;StillImage,image/jpeg,eng,Public domain,https://creativecommons.org/licenses/by-sa/4.0/
gib001000091003,https://adrian-gibson.github.io/001/GIB001000091003.jpg,,,"Cumbria: [Lanercost Priory] ""South transept west face""",,,,Religious,Cumbria,54.965988,-2.694983826,"Welsh School of Architecture, Cardiff University",GIB001000091003,Image;StillImage,image/jpeg,eng,Public domain,https://creativecommons.org/licenses/by-sa/4.0/
gib001000091004,https://adrian-gibson.github.io/001/GIB001000091004.jpg,,,"Cumbria: [Lanercost Priory] ""Nave, Norman east end transcept""",,,,Religious,Cumbria,54.965891,-2.6949416,"Welsh School of Architecture, Cardiff University",GIB001000091004,Image;StillImage,image/jpeg,eng,Public domain,https://creativecommons.org/licenses/by-sa/4.0/
gib001000092001,https://adrian-gibson.github.io/001/GIB001000092001.jpg,,,"Lincolnshire: Lincoln Cathedral ""Edward 1st and Eleanor""",,,,Religious,Lincolnshire,53.234419,-0.536078515,"Welsh School of Architecture, Cardiff University",GIB001000092001,Image;StillImage,image/jpeg,eng,Public domain,https://creativecommons.org/licenses/by-sa/4.0/